game_name,trainer_name,download_url
Accel World VS. Sword Art Online,Accel World VS. Sword Art Online v1.0 Plus 17 Trainer,https://archive.flingtrainer.com/files/Accel%20World%20VS.%20Sword%20Art%20Online%20v1.0%20Plus%2017%20Trainer.rar
Ace Combat 7 Skies Unknown,Ace Combat 7 Skies Unknown v1.0-v1.13.1 Plus 11 Trainer,https://archive.flingtrainer.com/files/Ace%20Combat%207%20Skies%20Unknown%20v1.0-v1.13.1%20Plus%2011%20Trainer.rar
Ace Combat: Assault Horizon,Ace Combat_Assault Horizon v1.0 Plus 7 Trainer,https://archive.flingtrainer.com/files/Ace%20Combat_Assault%20Horizon%20v1.0%20Plus%207%20Trainer.rar
Act of Aggression,Act of Aggression v.521-v.686 Plus 5 Trainer,https://archive.flingtrainer.com/files/Act%20of%20Aggression%20v.521-v.686%20Plus%205%20Trainer.rar
Aegis of Earth Protonovus Assault,Aegis of Earth Protonovus Assault v1.0 Plus 15 Trainer Updated,https://archive.flingtrainer.com/files/Aegis%20of%20Earth%20Protonovus%20Assault%20v1.0%20Plus%2015%20Trainer%20Updated.rar
AKIBAS TRIP Undead And Undressed,AKIBAS TRIP Undead And Undressed v1.0-Update 6 Plus 12 Trainer,https://archive.flingtrainer.com/files/AKIBAS%20TRIP%20Undead%20And%20Undressed%20v1.0-Update%206%20Plus%2012%20Trainer.rar
Alan Wake,Alan Wake v1.03-v1.05.16.3541 Plus 11 Trainer,https://archive.flingtrainer.com/files/Alan%20Wake%20v1.03-v1.05.16.3541%20Plus%2011%20Trainer.rar
All Zombies Must Die!,All Zombies Must Die! v1.0 Plus 7 Trainer Fixed,https://archive.flingtrainer.com/files/All%20Zombies%20Must%20Die!%20v1.0%20Plus%207%20Trainer%20Fixed.rar
Ancestors Legacy,Ancestors Legacy v1.0-v63472 Plus 12 Trainer,https://archive.flingtrainer.com/files/Ancestors%20Legacy%20v1.0-v63472%20Plus%2012%20Trainer.rar
Anno 1800,Anno 1800 v1.0-v20190806 Plus 10 Trainer,https://archive.flingtrainer.com/files/Anno%201800%20v1.0-v20190806%20Plus%2010%20Trainer.rar
Anno 2205,Anno 2205 v1.0-v1.7 Plus 6 Trainer,https://archive.flingtrainer.com/files/Anno%202205%20v1.0-v1.7%20Plus%206%20Trainer.rar
ARK Survival Evolved,ARK Survival Evolved Plus 23 Trainer Updated 2019.11.23,https://archive.flingtrainer.com/files/ARK%20Survival%20Evolved%20Plus%2023%20Trainer%20Updated%202019.11.23.rar
Arslan The Warriors of Legend,Arslan The Warriors of Legend v1.0 Plus 14 Trainer,https://archive.flingtrainer.com/files/Arslan%20The%20Warriors%20of%20Legend%20v1.0%20Plus%2014%20Trainer.rar
Ashes of the Singularity,Ashes of the Singularity v1.0-v1.32 Plus 7 Trainer,https://archive.flingtrainer.com/files/Ashes%20of%20the%20Singularity%20v1.0-v1.32%20Plus%207%20Trainer.rar
Assassin's Creed 3,Assassin's Creed 3 v1.04-1.05 Plus 11 Trainer,https://archive.flingtrainer.com/files/Assassin's%20Creed%203%20v1.04-1.05%20Plus%2011%20Trainer.rar
Assassins Creed Chronicles China,Assassins Creed Chronicles China v1.0 Plus 7 Trainer,https://archive.flingtrainer.com/files/Assassins%20Creed%20Chronicles%20China%20v1.0%20Plus%207%20Trainer.rar
Assassins Creed Chronicles India,Assassins Creed Chronicles India v1.0 Plus 7 Trainer,https://archive.flingtrainer.com/files/Assassins%20Creed%20Chronicles%20India%20v1.0%20Plus%207%20Trainer.rar
Assassins Creed Chronicles Russia,Assassins Creed Chronicles Russia v1.0 Plus 8 Trainer,https://archive.flingtrainer.com/files/Assassins%20Creed%20Chronicles%20Russia%20v1.0%20Plus%208%20Trainer.rar
Assassins Creed III Remastered,Assassins Creed III Remastered v1.0 Plus 10 Trainer,https://archive.flingtrainer.com/files/Assassins%20Creed%20III%20Remastered%20v1.0%20Plus%2010%20Trainer.rar
Assassin's Creed IV: Black Flag,Assassin's Creed IV_Black Flag v1.01 Plus 30 Trainer Fixed,https://archive.flingtrainer.com/files/Assassin's%20Creed%20IV_Black%20Flag%20v1.01%20Plus%2030%20Trainer%20Fixed.rar
Assassins Creed Libertation Remastered,Assassins Creed Libertation Remastered v1.0 Plus 10 Trainer,https://archive.flingtrainer.com/files/Assassins%20Creed%20Libertation%20Remastered%20v1.0%20Plus%2010%20Trainer.rar
Assassins Creed Odyssey,Assassins Creed Odyssey v1.0.2-v1.5.0 Plus 26 Trainer,https://archive.flingtrainer.com/files/Assassins%20Creed%20Odyssey%20v1.0.2-v1.5.0%20Plus%2026%20Trainer.rar
Assassins Creed Origins,Assassins Creed Origins v1.02-v1.51 Plus 16 Trainer,https://archive.flingtrainer.com/files/Assassins%20Creed%20Origins%20v1.02-v1.51%20Plus%2016%20Trainer.rar
Assassins Creed Rogue,Assassins Creed Rogue v1.0-1.1.0 Plus 29 Trainer,https://archive.flingtrainer.com/files/Assassins%20Creed%20Rogue%20v1.0-1.1.0%20Plus%2029%20Trainer.rar
Assassins Creed Syndicate,Assassins Creed Syndicate v1.12-v1.51 Plus 21 Trainer,https://archive.flingtrainer.com/files/Assassins%20Creed%20Syndicate%20v1.12-v1.51%20Plus%2021%20Trainer.rar
Atelier Firis The Alchemist of the Mysterious Journey,Atelier Firis The Alchemist of the Mysterious Journey v1.0 Plus 14 Trainer,https://archive.flingtrainer.com/files/Atelier%20Firis%20The%20Alchemist%20of%20the%20Mysterious%20Journey%20v1.0%20Plus%2014%20Trainer.rar
Atelier Lydie and Suelle The Alchemists and the Mysterious Paintings,Atelier Lydie and Suelle The Alchemists and the Mysterious Paintings v1.0-v20180417 Plus 12 Trainer,https://archive.flingtrainer.com/files/Atelier%20Lydie%20and%20Suelle%20The%20Alchemists%20and%20the%20Mysterious%20Paintings%20v1.0-v20180417%20Plus%2012%20Trainer.rar
Atelier Sophie The Alchemist of the Mysterious Book,Atelier Sophie The Alchemist of the Mysterious Book v1.0 Plus 11 Trainer,https://archive.flingtrainer.com/files/Atelier%20Sophie%20The%20Alchemist%20of%20the%20Mysterious%20Book%20v1.0%20Plus%2011%20Trainer.rar
Attack on Titan 2,Attack on Titan 2 v1.0-v20190705 Plus 21 Trainer Fixed,https://archive.flingtrainer.com/files/Attack%20on%20Titan%202%20v1.0-v20190705%20Plus%2021%20Trainer%20Fixed.rar
Attack on Titan,Attack on Titan v1.0-v1.03 Plus 22 Trainer,https://archive.flingtrainer.com/files/Attack%20on%20Titan%20v1.0-v1.03%20Plus%2022%20Trainer.rar
Avatar: The Game,Avatar_The Game v1.02 Plus 10 Trainer,https://archive.flingtrainer.com/files/Avatar_The%20Game%20v1.02%20Plus%2010%20Trainer.rar
Batman Arkham Knight,Batman Arkham Knight v1.0-Update 2016.03.08 Plus 15 Trainer,https://archive.flingtrainer.com/files/Batman%20Arkham%20Knight%20v1.0-Update%202016.03.08%20Plus%2015%20Trainer.rar
Batman: Arkham Origins,Batman_Arkham Origins v1.0-Update 5 Plus 21 Trainer,https://archive.flingtrainer.com/files/Batman_Arkham%20Origins%20v1.0-Update%205%20Plus%2021%20Trainer.rar
Battle Chasers Nightwar,Battle Chasers Nightwar v.22997 Plus 16 Trainer,https://archive.flingtrainer.com/files/Battle%20Chasers%20Nightwar%20v.22997%20Plus%2016%20Trainer.rar
Battlefield 4,Battlefield 4 v1.0-Update 2 Plus 11 Trainer,https://archive.flingtrainer.com/files/Battlefield%204%20v1.0-Update%202%20Plus%2011%20Trainer.rar
Battlefield Hardline,Battlefield Hardline v2.0 Plus 9 Trainer,https://archive.flingtrainer.com/files/Battlefield%20Hardline%20v2.0%20Plus%209%20Trainer.rar
Battlefield V,Battlefield V v1.0-v20190903 Plus 11 Trainer,https://archive.flingtrainer.com/files/Battlefield%20V%20v1.0-v20190903%20Plus%2011%20Trainer.rar
Battlefleet Gothic Armada 2,Battlefleet Gothic Armada 2 v1.0-v20190624 Plus 8 Trainer,https://archive.flingtrainer.com/files/Battlefleet%20Gothic%20Armada%202%20v1.0-v20190624%20Plus%208%20Trainer.rar
Bayonetta,Bayonetta v1.0-v1.01 Plus 11 Trainer,https://archive.flingtrainer.com/files/Bayonetta%20v1.0-v1.01%20Plus%2011%20Trainer.rar
Beholder,Beholder v1.0 Plus 5 Trainer,https://archive.flingtrainer.com/files/Beholder%20v1.0%20Plus%205%20Trainer.rar
BERSERK and the Band of the Hawk,BERSERK and the Band of the Hawk v1.0 Plus 10 Trainer,https://archive.flingtrainer.com/files/BERSERK%20and%20the%20Band%20of%20the%20Hawk%20v1.0%20Plus%2010%20Trainer.rar
Binary Domain,Binary Domain Update 1 Plus 9 Trainer,https://archive.flingtrainer.com/files/Binary%20Domain%20Update%201%20Plus%209%20Trainer.rar
Binary Domain,Binary Domain v1.0 Plus 9 Trainer,https://archive.flingtrainer.com/files/Binary%20Domain%20v1.0%20Plus%209%20Trainer.rar
BioShock 2 Remastered,BioShock 2 Remastered v1.0-Update 2 Plus 15 Trainer,https://archive.flingtrainer.com/files/BioShock%202%20Remastered%20v1.0-Update%202%20Plus%2015%20Trainer.rar
Bioshock Infinite,Bioshock Infinite v1.1.25.5165 Plus 15 Trainer,https://archive.flingtrainer.com/files/Bioshock%20Infinite%20v1.1.25.5165%20Plus%2015%20Trainer.rar
BioShock Remastered,BioShock Remastered v1.0-Update 2 Plus 14 Trainer,https://archive.flingtrainer.com/files/BioShock%20Remastered%20v1.0-Update%202%20Plus%2014%20Trainer.rar
Black Clover Quartet Knights,Black Clover Quartet Knights v1.01-v20190425 Plus 9 Trainer,https://archive.flingtrainer.com/files/Black%20Clover%20Quartet%20Knights%20v1.01-v20190425%20Plus%209%20Trainer.rar
Blackguards 2,Blackguards 2 v1.0.7659.2 Plus 11 Trainer,https://archive.flingtrainer.com/files/Blackguards%202%20v1.0.7659.2%20Plus%2011%20Trainer.rar
Blade Arcus from Shining Battle Arena,Blade Arcus from Shining Battle Arena v1.0-v1.04 Plus 10 Trainer,https://archive.flingtrainer.com/files/Blade%20Arcus%20from%20Shining%20Battle%20Arena%20v1.0-v1.04%20Plus%2010%20Trainer.rar
Blades of Time,Blades of Time v1.0-Update 4 Plus 8 Trainer,https://archive.flingtrainer.com/files/Blades%20of%20Time%20v1.0-Update%204%20Plus%208%20Trainer.rar
BLADESTORM Nightmare,BLADESTORM Nightmare v1.0-v1.01 Plus 14 Trainer,https://archive.flingtrainer.com/files/BLADESTORM%20Nightmare%20v1.0-v1.01%20Plus%2014%20Trainer.rar
Bloody Spell Early Access,Bloody Spell Early Access Plus 12 Trainer,https://archive.flingtrainer.com/files/Bloody%20Spell%20Early%20Access%20Plus%2012%20Trainer.rar
Blue Reflection,Blue Reflection v1.0 Plus 7 Trainer,https://archive.flingtrainer.com/files/Blue%20Reflection%20v1.0%20Plus%207%20Trainer.rar
Borderlands 2,Borderlands 2 v1.0-1.5.0 Plus 26 Trainer,https://archive.flingtrainer.com/files/Borderlands%202%20v1.0-1.5.0%20Plus%2026%20Trainer.rar
Bright Memory Episode 1 Early Access,Bright.Memory.Episode.1.Early.Access.Plus.5.Trainer.Updated.2020.01.16-FLiNG,https://archive.flingtrainer.com/files/Bright.Memory.Episode.1.Early.Access.Plus.5.Trainer.Updated.2020.01.16-FLiNG.rar
Bully: Scholarship Edition,Bully_Scholarship Edition v1.2 Plus 9 Trainer,https://archive.flingtrainer.com/files/Bully_Scholarship%20Edition%20v1.2%20Plus%209%20Trainer.rar
Call of Duty Black Ops III,Call of Duty Black Ops III v1.0-Update 20170208 Plus 12 Trainer,https://archive.flingtrainer.com/files/Call%20of%20Duty%20Black%20Ops%20III%20v1.0-Update%2020170208%20Plus%2012%20Trainer.rar
Call of Duty Infinite Warfare,Call of Duty Infinite Warfare v1.0-Update.2017.04.11 Plus 10 Trainer,https://archive.flingtrainer.com/files/Call%20of%20Duty%20Infinite%20Warfare%20v1.0-Update.2017.04.11%20Plus%2010%20Trainer.rar
Call of Duty Modern Warfare Remastered,Call of Duty Modern Warfare Remastered v1.0-Update 2017.02.08 Plus 10 Trainer,https://archive.flingtrainer.com/files/Call%20of%20Duty%20Modern%20Warfare%20Remastered%20v1.0-Update%202017.02.08%20Plus%2010%20Trainer.rar
Call of Duty WWII,Call of Duty WWII v1.0 Plus 9 Trainer,https://archive.flingtrainer.com/files/Call%20of%20Duty%20WWII%20v1.0%20Plus%209%20Trainer.rar
Call of Duty: Advanced Warfare,Call of Duty_Advanced Warfare v1.0-Update 6 Plus 14 Trainer,https://archive.flingtrainer.com/files/Call%20of%20Duty_Advanced%20Warfare%20v1.0-Update%206%20Plus%2014%20Trainer.rar
Call of Duty: Black Ops 2,Call of Duty_Black Ops 2 Update 2 Plus 10 Trainer Fixed,https://archive.flingtrainer.com/files/Call%20of%20Duty_Black%20Ops%202%20Update%202%20Plus%2010%20Trainer%20Fixed.rar
Call Of Duty: Ghosts,Call Of Duty_Ghosts v1.0-Update 3 Plus 13 Trainer,https://archive.flingtrainer.com/files/Call%20Of%20Duty_Ghosts%20v1.0-Update%203%20Plus%2013%20Trainer.rar
Call of Juarez: Gunslinger,Call of Juarez_Gunslinger v1.0-1.01 Plus 12 Trainer,https://archive.flingtrainer.com/files/Call%20of%20Juarez_Gunslinger%20v1.0-1.01%20Plus%2012%20Trainer.rar
Castlestorm,Castlestorm Plus 10 Trainer,https://archive.flingtrainer.com/files/Castlestorm%20Plus%2010%20Trainer.rar
Catherine Classic,Catherine Classic v1.0-v1.3 Plus 5 Trainer,https://archive.flingtrainer.com/files/Catherine%20Classic%20v1.0-v1.3%20Plus%205%20Trainer.rar
Chinese Parents,Chinese Parents v1.0-v1.0.9.4 Plus 17 Trainer x86,https://archive.flingtrainer.com/files/Chinese%20Parents%20v1.0-v1.0.9.4%20Plus%2017%20Trainer%20x86.rar
Clancys Ghost Recon Wildlands,Clancys Ghost Recon Wildlands v20170721 Plus 7 Trainer (STEAMPUNKS Version Only),https://archive.flingtrainer.com/files/Clancys%20Ghost%20Recon%20Wildlands%20v20170721%20Plus%207%20Trainer%20(STEAMPUNKS%20Version%20Only).rar
Crash Bandicoot N Sane Trilogy,Crash Bandicoot N Sane Trilogy v1.0 Plus 4 Trainer,https://archive.flingtrainer.com/files/Crash%20Bandicoot%20N%20Sane%20Trilogy%20v1.0%20Plus%204%20Trainer.rar
Crowntakers,Crowntakers v1.0-v1.2 Plus 12 Trainer,https://archive.flingtrainer.com/files/Crowntakers%20v1.0-v1.2%20Plus%2012%20Trainer.rar
Crysis 3,Crysis 3 v1.0 - v1.3 Plus 10 Trainer,https://archive.flingtrainer.com/files/Crysis%203%20v1.0%20-%20v1.3%20Plus%2010%20Trainer.rar
Cuphead,Cuphead v1.0 Plus 7 Trainer,https://archive.flingtrainer.com/files/Cuphead%20v1.0%20Plus%207%20Trainer.rar
D4 Dark Dreams Don't Die,D4 Dark Dreams Don't Die v1.0-v1.1 Plus 4 Trainer,https://archive.flingtrainer.com/files/D4%20Dark%20Dreams%20Don't%20Die%20v1.0-v1.1%20Plus%204%20Trainer.rar
Danganronpa 2 Goodbye Despair,Danganronpa 2 Goodbye Despair v1.0 Plus 9 Trainer,https://archive.flingtrainer.com/files/Danganronpa%202%20Goodbye%20Despair%20v1.0%20Plus%209%20Trainer.rar
Danganronpa Trigger Happy Havoc,Danganronpa Trigger Happy Havoc v1.0 Plus 7 Trainer,https://archive.flingtrainer.com/files/Danganronpa%20Trigger%20Happy%20Havoc%20v1.0%20Plus%207%20Trainer.rar
Danganronpa,Danganronpa V3 Killing Harmony v1.0 Plus 9 Trainer,https://archive.flingtrainer.com/files/Danganronpa%20V3%20Killing%20Harmony%20v1.0%20Plus%209%20Trainer.rar
Dark Rose Valkyrie,Dark Rose Valkyrie v1.0 Plus 13 Trainer,https://archive.flingtrainer.com/files/Dark%20Rose%20Valkyrie%20v1.0%20Plus%2013%20Trainer.rar
Dark Souls II Scholar of the First Sin,Dark Souls II Scholar of the First Sin v1.01-v1.02 Plus 25 Trainer,https://archive.flingtrainer.com/files/Dark%20Souls%20II%20Scholar%20of%20the%20First%20Sin%20v1.01-v1.02%20Plus%2025%20Trainer.rar
Dark Souls III,Dark Souls III v1.03-v1.15 Plus 28 Trainer,https://archive.flingtrainer.com/files/Dark%20Souls%20III%20v1.03-v1.15%20Plus%2028%20Trainer.rar
Dark Souls Remastered,Dark Souls Remastered v1.01 Plus 13 Trainer,https://archive.flingtrainer.com/files/Dark%20Souls%20Remastered%20v1.01%20Plus%2013%20Trainer.rar
Dark Souls: Prepare To Die Edition,Dark Souls_Prepare To Die Edition v1.0 Plus 22 Trainer,https://archive.flingtrainer.com/files/Dark%20Souls_Prepare%20To%20Die%20Edition%20v1.0%20Plus%2022%20Trainer.rar
Darkest Dungeon,Darkest Dungeon Build 13287-23848 Plus 11 Trainer,https://archive.flingtrainer.com/files/Darkest%20Dungeon%20Build%2013287-23848%20Plus%2011%20Trainer.rar
Darksiders II,Darksiders II v1.0-Update 6 Plus 23 Trainer,https://archive.flingtrainer.com/files/Darksiders%20II%20v1.0-Update%206%20Plus%2023%20Trainer.rar
Darksiders III,Darksiders III v1.0 Plus 12 Trainer,https://archive.flingtrainer.com/files/Darksiders%20III%20v1.0%20Plus%2012%20Trainer.rar
Darksiders Warmastered Edition,Darksiders Warmastered Edition v1.0-Update 2017.03.08  Plus 11 Trainer,https://archive.flingtrainer.com/files/Darksiders%20Warmastered%20Edition%20v1.0-Update%202017.03.08%20%20Plus%2011%20Trainer.rar
Dead Island Definitive Edition,Dead Island Definitive Edition v1.0 Plus 22 Trainer,https://archive.flingtrainer.com/files/Dead%20Island%20Definitive%20Edition%20v1.0%20Plus%2022%20Trainer.rar
Dead Island Riptide Definitive Edition,Dead Island Riptide Definitive Edition v1.0 Plus 22 Trainer,https://archive.flingtrainer.com/files/Dead%20Island%20Riptide%20Definitive%20Edition%20v1.0%20Plus%2022%20Trainer.rar
Dead Island: Riptide,Dead Island_Riptide v1.0 (1.4.0) Plus 22 Trainer,https://archive.flingtrainer.com/files/Dead%20Island_Riptide%20v1.0%20(1.4.0)%20Plus%2022%20Trainer.rar
Dead or Alive 5 Last Round,Dead or Alive 5 Last Round v1.02-v1.10 Plus 9 Trainer,https://archive.flingtrainer.com/files/Dead%20or%20Alive%205%20Last%20Round%20v1.02-v1.10%20Plus%209%20Trainer.rar
Dead or Alive 6,Dead or Alive 6 v1.01-v1.14 Plus 16 Trainer,https://archive.flingtrainer.com/files/Dead%20or%20Alive%206%20v1.01-v1.14%20Plus%2016%20Trainer.rar
Dead Rising 4,Dead Rising 4 v1.0-v20171205 Plus 11 Trainer,https://archive.flingtrainer.com/files/Dead%20Rising%204%20v1.0-v20171205%20Plus%2011%20Trainer.rar
Dead Rising,Dead Rising v1.0-Update 3 Plus 12 Trainer,https://archive.flingtrainer.com/files/Dead%20Rising%20v1.0-Update%203%20Plus%2012%20Trainer.rar
Dead Space 3,Dead Space 3 v1.0-v1.0.0.1 Plus 9 Trainer,https://archive.flingtrainer.com/files/Dead%20Space%203%20v1.0-v1.0.0.1%20Plus%209%20Trainer.rar
Deadlight Directors Cut,Deadlight Directors Cut v1.0 Plus 7 Trainer,https://archive.flingtrainer.com/files/Deadlight%20Directors%20Cut%20v1.0%20Plus%207%20Trainer.rar
Deadlight,Deadlight v1.0-Update 1 Plus 5 Trainer,https://archive.flingtrainer.com/files/Deadlight%20v1.0-Update%201%20Plus%205%20Trainer.rar
Deadpool,Deadpool v1.0 Plus 10 Trainer,https://archive.flingtrainer.com/files/Deadpool%20v1.0%20Plus%2010%20Trainer.rar
Deus Ex Mankind Divided,Deus Ex Mankind Divided v1.0-v1.17 Plus 18 Trainer,https://archive.flingtrainer.com/files/Deus%20Ex%20Mankind%20Divided%20v1.0-v1.17%20Plus%2018%20Trainer.rar
Deus Ex: Human Revolution Director's Cut,Deus Ex_Human Revolution Director's Cut v2.0.66.0 Plus 15 Trainer,https://archive.flingtrainer.com/files/Deus%20Ex_Human%20Revolution%20Director's%20Cut%20v2.0.66.0%20Plus%2015%20Trainer.rar
Devil May Cry 1 HD ,Devil May Cry 1 HD  v1.0 Plus 11 Trainer,https://archive.flingtrainer.com/files/Devil%20May%20Cry%201%20HD%20%20v1.0%20Plus%2011%20Trainer.rar
Devil May Cry 2 HD ,Devil May Cry 2 HD  v1.0 Plus 11 Trainer,https://archive.flingtrainer.com/files/Devil%20May%20Cry%202%20HD%20%20v1.0%20Plus%2011%20Trainer.rar
Devil May Cry 3 HD,Devil May Cry 3 HD v1.0 Plus 11 Trainer,https://archive.flingtrainer.com/files/Devil%20May%20Cry%203%20HD%20v1.0%20Plus%2011%20Trainer.rar
Devil May Cry 4 Special Edition,Devil May Cry 4 Special Edition v20190328 Plus 20 Trainer,https://archive.flingtrainer.com/files/Devil%20May%20Cry%204%20Special%20Edition%20v20190328%20Plus%2020%20Trainer.rar
Devil May Cry 5,Devil May Cry 5 v1.0-v20190401 Plus 21 Trainer,https://archive.flingtrainer.com/files/Devil%20May%20Cry%205%20v1.0-v20190401%20Plus%2021%20Trainer.rar
Diluvion,Diluvion v1.0-v1.16 Plus 4 Trainer,https://archive.flingtrainer.com/files/Diluvion%20v1.0-v1.16%20Plus%204%20Trainer.rar
DiRT 4,DiRT 4 v1.0-v1.04 Plus 5 Trainer,https://archive.flingtrainer.com/files/DiRT%204%20v1.0-v1.04%20Plus%205%20Trainer.rar
DiRT Rally,DiRT Rally v1.0-v1.02 Plus 5 Trainer,https://archive.flingtrainer.com/files/DiRT%20Rally%20v1.0-v1.02%20Plus%205%20Trainer.rar
Dishonored 2,Dishonored 2 v1.74-v1.77.5 Plus 15 Trainer,https://archive.flingtrainer.com/files/Dishonored%202%20v1.74-v1.77.5%20Plus%2015%20Trainer.rar
Dishonored Death of the Outsider,Dishonored Death of the Outsider v1.142 Plus 14 Trainer,https://archive.flingtrainer.com/files/Dishonored%20Death%20of%20the%20Outsider%20v1.142%20Plus%2014%20Trainer.rar
Dishonored,Dishonored v1.0-Update 3 Plus 20 Trainer,https://archive.flingtrainer.com/files/Dishonored%20v1.0-Update%203%20Plus%2020%20Trainer.rar
Dishonored-The Knife of Dunwall,Dishonored-The Knife of Dunwall (Update 3) Plus 20 Trainer,https://archive.flingtrainer.com/files/Dishonored-The%20Knife%20of%20Dunwall%20(Update%203)%20Plus%2020%20Trainer.rar
Divinity Dragon Commander,Divinity Dragon Commander v1.0.12.0 Plus 14 Trainer,https://archive.flingtrainer.com/files/Divinity%20Dragon%20Commander%20v1.0.12.0%20Plus%2014%20Trainer.rar
Divinity Original Sin 2 Definitive Edition,Divinity Original Sin 2 Definitive Edition v3.0-v3.6.49 Plus 22 Trainer,https://archive.flingtrainer.com/files/Divinity%20Original%20Sin%202%20Definitive%20Edition%20v3.0-v3.6.49%20Plus%2022%20Trainer.rar
Divinity Original Sin Enhanced Edition,Divinity Original Sin Enhanced Edition v2.0-v2.0.119.430 Plus 18 Trainer,https://archive.flingtrainer.com/files/Divinity%20Original%20Sin%20Enhanced%20Edition%20v2.0-v2.0.119.430%20Plus%2018%20Trainer.rar
DmC: Devil May Cry,DmC_Devil May Cry v1.0-Update 3 Plus 9 Trainer,https://archive.flingtrainer.com/files/DmC_Devil%20May%20Cry%20v1.0-Update%203%20Plus%209%20Trainer.rar
Doom 3 BFG Edition,Doom 3 BFG Edition v1.0 Plus 8 Trainer,https://archive.flingtrainer.com/files/Doom%203%20BFG%20Edition%20v1.0%20Plus%208%20Trainer.rar
DOOM,DOOM v1.0-v20180329 Plus 13 Trainer,https://archive.flingtrainer.com/files/DOOM%20v1.0-v20180329%20Plus%2013%20Trainer.rar
Double Dragon IV,Double Dragon IV v1.0 Plus 5 Trainer,https://archive.flingtrainer.com/files/Double%20Dragon%20IV%20v1.0%20Plus%205%20Trainer.rar
Double Dragon Trilogy,Double Dragon Trilogy v1.0-Update 1 Plus 4 Trainer,https://archive.flingtrainer.com/files/Double%20Dragon%20Trilogy%20v1.0-Update%201%20Plus%204%20Trainer.rar
Dragon Age Inquisition,Dragon Age Inquisition Update 2-10 Plus 18 Trainer,https://archive.flingtrainer.com/files/Dragon%20Age%20Inquisition%20Update%202-10%20Plus%2018%20Trainer.rar
Dragon Ball Xenoverse 2,Dragon Ball Xenoverse 2 v1.02-v1.07 Plus 14 Trainer,https://archive.flingtrainer.com/files/Dragon%20Ball%20Xenoverse%202%20v1.02-v1.07%20Plus%2014%20Trainer.rar
Dragon Ball Xenoverse 2,Dragon Ball Xenoverse 2 v1.08-v1.14.01 Plus 14 Trainer,https://archive.flingtrainer.com/files/Dragon%20Ball%20Xenoverse%202%20v1.08-v1.14.01%20Plus%2014%20Trainer.rar
Dragon Ball XenoVerse,Dragon Ball XenoVerse v1.0-Update 6 Plus 14 Trainer,https://archive.flingtrainer.com/files/Dragon%20Ball%20XenoVerse%20v1.0-Update%206%20Plus%2014%20Trainer.rar
Dragon Quest Heroes II,Dragon Quest Heroes II v1.0 Plus 12 Trainer,https://archive.flingtrainer.com/files/Dragon%20Quest%20Heroes%20II%20v1.0%20Plus%2012%20Trainer.rar
Dragon Quest Heroes,Dragon Quest Heroes v1.0 Plus 17 Trainer,https://archive.flingtrainer.com/files/Dragon%20Quest%20Heroes%20v1.0%20Plus%2017%20Trainer.rar
Dragon Quest XI Echoes of an Elusive Age,Dragon Quest XI Echoes of an Elusive Age v1.0 Plus 22 Trainer Fixed,https://archive.flingtrainer.com/files/Dragon%20Quest%20XI%20Echoes%20of%20an%20Elusive%20Age%20v1.0%20Plus%2022%20Trainer%20Fixed.rar
Dragon Ball FighterZ,Dragon.Ball.FighterZ.v1.10-v1.21.Plus.13.Trainer-FLiNG,https://archive.flingtrainer.com/files/Dragon.Ball.FighterZ.v1.10-v1.21.Plus.13.Trainer-FLiNG.rar
Dragons Dogma Dark Arisen,Dragons Dogma Dark Arisen v1.0-Update 3 Plus 24 Trainer,https://archive.flingtrainer.com/files/Dragons%20Dogma%20Dark%20Arisen%20v1.0-Update%203%20Plus%2024%20Trainer.rar
Dying Light The Following Enhanced Edition,Dying Light The Following Enhanced Edition v1.10-v1.16 Plus 28 Trainer,https://archive.flingtrainer.com/files/Dying%20Light%20The%20Following%20Enhanced%20Edition%20v1.10-v1.16%20Plus%2028%20Trainer.rar
Dynasty Warriors 8 Empires,Dynasty Warriors 8 Empires (Shin Sangokumusou 7 Empires) v1.0-v1.0.4 Plus 29 Trainer,https://archive.flingtrainer.com/files/Dynasty%20Warriors%208%20Empires%20(Shin%20Sangokumusou%207%20Empires)%20v1.0-v1.0.4%20Plus%2029%20Trainer.rar
Dynasty Warriors 9,Dynasty Warriors 9 v1.0-v1.24 Plus 25 Trainer,https://archive.flingtrainer.com/files/Dynasty%20Warriors%209%20v1.0-v1.24%20Plus%2025%20Trainer.rar
Eador-Masters of the Broken World,Eador-Masters of the Broken World v1.0-1.06 Plus 6 Trainer,https://archive.flingtrainer.com/files/Eador-Masters%20of%20the%20Broken%20World%20v1.0-1.06%20Plus%206%20Trainer.rar
EARTH DEFENSE FORCE 4.1 The Shadow of New Despair,EARTH DEFENSE FORCE 4.1 The Shadow of New Despair v1.0 Plus 8 Trainer,https://archive.flingtrainer.com/files/EARTH%20DEFENSE%20FORCE%204.1%20The%20Shadow%20of%20New%20Despair%20v1.0%20Plus%208%20Trainer.rar
Earthlock Festival of Magic,Earthlock Festival of Magic v1.0-v1.2 Plus 13 Trainer,https://archive.flingtrainer.com/files/Earthlock%20Festival%20of%20Magic%20v1.0-v1.2%20Plus%2013%20Trainer.rar
Eiyuu Densetsu Ao no Kiseki,Eiyuu Densetsu Ao no Kiseki v1.0 Plus 26 Trainer,https://archive.flingtrainer.com/files/Eiyuu%20Densetsu%20Ao%20no%20Kiseki%20v1.0%20Plus%2026%20Trainer.rar
Empire of Angels 4,Empire of Angels 4 v1.0 Plus 16 Trainer,https://archive.flingtrainer.com/files/Empire%20of%20Angels%204%20v1.0%20Plus%2016%20Trainer.rar
Endless Space 2,Endless Space 2 v1.0-v1.0.47 Plus 4 Trainer,https://archive.flingtrainer.com/files/Endless%20Space%202%20v1.0-v1.0.47%20Plus%204%20Trainer.rar
Endless Space,Endless Space v1.0-v1.0.9 Plus 3 Trainer,https://archive.flingtrainer.com/files/Endless%20Space%20v1.0-v1.0.9%20Plus%203%20Trainer.rar
Enslaved: Odyssey to the West,Enslaved_Odyssey to the West v1.0 Plus 11 Trainer,https://archive.flingtrainer.com/files/Enslaved_Odyssey%20to%20the%20West%20v1.0%20Plus%2011%20Trainer.rar
Etherium,Etherium v0.0.8952-v1.0.9083 Plus 7 Trainer,https://archive.flingtrainer.com/files/Etherium%20v0.0.8952-v1.0.9083%20Plus%207%20Trainer.rar
EVERSPACE,EVERSPACE v1.0-v1.3.2 Plus 16 Trainer x64,https://archive.flingtrainer.com/files/EVERSPACE%20v1.0-v1.3.2%20Plus%2016%20Trainer%20x64.rar
Evolve,Evolve v1.0 Plus 9 Trainer,https://archive.flingtrainer.com/files/Evolve%20v1.0%20Plus%209%20Trainer.rar
Expeditions Viking,Expeditions Viking v1.0-v1.0.4 Plus 8 Trainer,https://archive.flingtrainer.com/files/Expeditions%20Viking%20v1.0-v1.0.4%20Plus%208%20Trainer.rar
Fable III,Fable III Plus 6 Trainer,https://archive.flingtrainer.com/files/Fable%20III%20Plus%206%20Trainer.rar
Fairy Fencer F Advent Dark Force,Fairy Fencer F Advent Dark Force v1.0 Plus 14 Trainer,https://archive.flingtrainer.com/files/Fairy%20Fencer%20F%20Advent%20Dark%20Force%20v1.0%20Plus%2014%20Trainer.rar
Fairy Fencer F,Fairy Fencer F v1.0-Update 2 Plus 25 Trainer,https://archive.flingtrainer.com/files/Fairy%20Fencer%20F%20v1.0-Update%202%20Plus%2025%20Trainer.rar
Faith of Danschant,Faith of Danschant v1.9-v1.15 Plus 16 Trainer,https://archive.flingtrainer.com/files/Faith%20of%20Danschant%20v1.9-v1.15%20Plus%2016%20Trainer.rar
Fallen Legion Plus,Fallen Legion Plus v1.0 Plus 10 Trainer Fixed,https://archive.flingtrainer.com/files/Fallen%20Legion%20Plus%20v1.0%20Plus%2010%20Trainer%20Fixed.rar
Fallout 4,Fallout 4 v1.0-v1.10.26 Plus 20 Trainer,https://archive.flingtrainer.com/files/Fallout%204%20v1.0-v1.10.26%20Plus%2020%20Trainer.rar
Fallout Shelter,Fallout Shelter v1.6-v1.6.1 Plus 17 Trainer,https://archive.flingtrainer.com/files/Fallout%20Shelter%20v1.6-v1.6.1%20Plus%2017%20Trainer.rar
Fantasia Sango 5,Fantasia Sango 5 v1.2-v1.9 Plus 13 Trainer,https://archive.flingtrainer.com/files/Fantasia%20Sango%205%20v1.2-v1.9%20Plus%2013%20Trainer.rar
Far Cry 3,Far Cry 3 v1.0-1.05 Plus 25 Trainer,https://archive.flingtrainer.com/files/Far%20Cry%203%20v1.0-1.05%20Plus%2025%20Trainer.rar
Far Cry 4,Far Cry 4 v1.4.0-1.9.0 Plus 20 Trainer Fixed,https://archive.flingtrainer.com/files/Far%20Cry%204%20v1.4.0-1.9.0%20Plus%2020%20Trainer%20Fixed.rar
Far Cry 5,Far Cry 5 v1.0-v20191126 Plus 21 Trainer,https://archive.flingtrainer.com/files/Far%20Cry%205%20v1.0-v20191126%20Plus%2021%20Trainer.rar
Far Cry New Dawn,Far Cry New Dawn v1.0.2 Plus 20 Trainer,https://archive.flingtrainer.com/files/Far%20Cry%20New%20Dawn%20v1.0.2%20Plus%2020%20Trainer.rar
Far Cry Primal,Far Cry Primal v1.1.0-v1.3.3 Plus 15 Trainer Updated 2016.09.28,https://archive.flingtrainer.com/files/Far%20Cry%20Primal%20v1.1.0-v1.3.3%20Plus%2015%20Trainer%20Updated%202016.09.28.rar
Fate EXTELLA LINK,Fate EXTELLA LINK v1.0 Plus 14 Trainer,https://archive.flingtrainer.com/files/Fate%20EXTELLA%20LINK%20v1.0%20Plus%2014%20Trainer.rar
Fate EXTELLA,Fate EXTELLA v1.0-v20170825 Plus 13 Trainer,https://archive.flingtrainer.com/files/Fate%20EXTELLA%20v1.0-v20170825%20Plus%2013%20Trainer.rar
FEZ,FEZ v1.0-1.05 Plus 6 Trainer,https://archive.flingtrainer.com/files/FEZ%20v1.0-1.05%20Plus%206%20Trainer.rar
Final Fantasy IV The After Years,Final Fantasy IV The After Years v1.0 Plus 13 Trainer,https://archive.flingtrainer.com/files/Final%20Fantasy%20IV%20The%20After%20Years%20v1.0%20Plus%2013%20Trainer.rar
FINAL FANTASY TYPE-0 HD,FINAL FANTASY TYPE-0 HD v1.0-Update 4 Plus 31 Trainer,https://archive.flingtrainer.com/files/FINAL%20FANTASY%20TYPE-0%20HD%20v1.0-Update%204%20Plus%2031%20Trainer.rar
Final Fantasy X HD Remaster,Final Fantasy X HD Remaster v1.0 Plus 28 Trainer,https://archive.flingtrainer.com/files/Final%20Fantasy%20X%20HD%20Remaster%20v1.0%20Plus%2028%20Trainer.rar
Final Fantasy X-2 HD Remaster,Final Fantasy X-2 HD Remaster v1.0 Plus 21 Trainer,https://archive.flingtrainer.com/files/Final%20Fantasy%20X-2%20HD%20Remaster%20v1.0%20Plus%2021%20Trainer.rar
Final Fantasy XII The Zodiac Age,Final Fantasy XII The Zodiac Age v1.0 Plus 12 Trainer,https://archive.flingtrainer.com/files/Final%20Fantasy%20XII%20The%20Zodiac%20Age%20v1.0%20Plus%2012%20Trainer.rar
Final Fantasy XIII-2,Final Fantasy XIII-2 v1.0-Update 1 Plus 16 Trainer,https://archive.flingtrainer.com/files/Final%20Fantasy%20XIII-2%20v1.0-Update%201%20Plus%2016%20Trainer.rar
Final Fantasy XV Windows Edition,Final Fantasy XV Windows Edition v1.0-v20180925 Plus 23 Trainer Updated,https://archive.flingtrainer.com/files/Final%20Fantasy%20XV%20Windows%20Edition%20v1.0-v20180925%20Plus%2023%20Trainer%20Updated.rar
FORCED SHOWDOWN,FORCED SHOWDOWN v1.0 Plus 12 Trainer,https://archive.flingtrainer.com/files/FORCED%20SHOWDOWN%20v1.0%20Plus%2012%20Trainer.rar
Frostpunk,Frostpunk v1.0-v1.4 Plus 11 Trainer,https://archive.flingtrainer.com/files/Frostpunk%20v1.0-v1.4%20Plus%2011%20Trainer.rar
Frozen State,Frozen State v1.0 Plus 17 Trainer 64 Bit,https://archive.flingtrainer.com/files/Frozen%20State%20v1.0%20Plus%2017%20Trainer%2064%20Bit.rar
Furi,Furi v1.0-v1.1.49 Plus 7 Trainer,https://archive.flingtrainer.com/files/Furi%20v1.0-v1.1.49%20Plus%207%20Trainer.rar
Galactic Civilizations III,Galactic Civilizations III v1.0-v1.10 Plus 10 Trainer,https://archive.flingtrainer.com/files/Galactic%20Civilizations%20III%20v1.0-v1.10%20Plus%2010%20Trainer.rar
Generation Zero,Generation Zero v1.0-v20191126 Plus 10 Trainer,https://archive.flingtrainer.com/files/Generation%20Zero%20v1.0-v20191126%20Plus%2010%20Trainer.rar
Ghostbusters,Ghostbusters v1.0 Plus 6 Trainer,https://archive.flingtrainer.com/files/Ghostbusters%20v1.0%20Plus%206%20Trainer.rar
God Eater 2 Rage Burst,God Eater 2 Rage Burst v1.0 Plus 18 Trainer,https://archive.flingtrainer.com/files/God%20Eater%202%20Rage%20Burst%20v1.0%20Plus%2018%20Trainer.rar
God Eater 3,God Eater 3 v1.11-v2.0 Plus 29 Trainer,https://archive.flingtrainer.com/files/God%20Eater%203%20v1.11-v2.0%20Plus%2029%20Trainer.rar
God Eater Resurrection,God Eater Resurrection v1.0 Plus 16 Trainer,https://archive.flingtrainer.com/files/God%20Eater%20Resurrection%20v1.0%20Plus%2016%20Trainer.rar
Grand Ages Medieval,Grand Ages Medieval v1.0-v1.11 Plus 7 Trainer,https://archive.flingtrainer.com/files/Grand%20Ages%20Medieval%20v1.0-v1.11%20Plus%207%20Trainer.rar
Grand Theft Auto V,Grand Theft Auto V v1.0-v20181211 Plus 19 Trainer,https://archive.flingtrainer.com/files/Grand%20Theft%20Auto%20V%20v1.0-v20181211%20Plus%2019%20Trainer.rar
Graveyard Keeper,Graveyard Keeper v1.0-v1.113 Plus 15 Trainer,https://archive.flingtrainer.com/files/Graveyard%20Keeper%20v1.0-v1.113%20Plus%2015%20Trainer.rar
Grey Goo,Grey Goo v1.0-Update 2 Plus 8 Trainer,https://archive.flingtrainer.com/files/Grey%20Goo%20v1.0-Update%202%20Plus%208%20Trainer.rar
Grow Home,Grow Home v1.0 Plus 3 Trainer,https://archive.flingtrainer.com/files/Grow%20Home%20v1.0%20Plus%203%20Trainer.rar
GUILTY GEAR 2 OVERTURE,GUILTY GEAR 2 OVERTURE v1.0 Plus 10 Trainer,https://archive.flingtrainer.com/files/GUILTY%20GEAR%202%20OVERTURE%20v1.0%20Plus%2010%20Trainer.rar
Guilty Gear Xrd Revelator,Guilty Gear Xrd Revelator v1.0 Plus 10 Trainer,https://archive.flingtrainer.com/files/Guilty%20Gear%20Xrd%20Revelator%20v1.0%20Plus%2010%20Trainer.rar
Guilty Gear Xrd -Sign-,Guilty Gear Xrd -Sign- v1.0 Plus 11 Trainer,https://archive.flingtrainer.com/files/Guilty%20Gear%20Xrd%20-Sign-%20v1.0%20Plus%2011%20Trainer.rar
GuJian 3,GuJian 3 v1.0 Plus 17 Trainer Updated 2019.01.08,https://archive.flingtrainer.com/files/GuJian%203%20v1.0%20Plus%2017%20Trainer%20Updated%202019.01.08.rar
hack G.U. Last Recode,hack G.U. Last Recode v1.0 Plus 12 Trainer,https://archive.flingtrainer.com/files/hack%20G.U.%20Last%20Recode%20v1.0%20Plus%2012%20Trainer.rar
Hand of Fate 2,Hand of Fate 2 v1.0-v1.1.1 Plus 6 Trainer,https://archive.flingtrainer.com/files/Hand%20of%20Fate%202%20v1.0-v1.1.1%20Plus%206%20Trainer.rar
Hatred,Hatred v1.0-Update 14 Plus 11 Trainer,https://archive.flingtrainer.com/files/Hatred%20v1.0-Update%2014%20Plus%2011%20Trainer.rar
Hearts of Iron IV,Hearts of Iron IV v1.0-v1.5.0 Plus 12 Trainer,https://archive.flingtrainer.com/files/Hearts%20of%20Iron%20IV%20v1.0-v1.5.0%20Plus%2012%20Trainer.rar
Hellblade Senuas Sacrifice,Hellblade Senuas Sacrifice v1.0 Plus 4 Trainer Fixed,https://archive.flingtrainer.com/files/Hellblade%20Senuas%20Sacrifice%20v1.0%20Plus%204%20Trainer%20Fixed.rar
Heroine Anthem Zero,Heroine Anthem Zero v1.0 Plus 7 Trainer,https://archive.flingtrainer.com/files/Heroine%20Anthem%20Zero%20v1.0%20Plus%207%20Trainer.rar
HITMAN 2,HITMAN.2.v2.10-v2.70.1.Plus.11.Trainer-FLiNG,https://archive.flingtrainer.com/files/HITMAN.2.v2.10-v2.70.1.Plus.11.Trainer-FLiNG.rar
HITMAN,HITMAN.v1.0-v1.15.0.Plus.11.Trainer-FLiNG,https://archive.flingtrainer.com/files/HITMAN.v1.0-v1.15.0.Plus.11.Trainer-FLiNG.rar
Ho Tu Lo Shu The Books of Dragon,Ho Tu Lo Shu The Books of Dragon v1.0-v1.15 Plus 45 Trainer,https://archive.flingtrainer.com/files/Ho%20Tu%20Lo%20Shu%20The%20Books%20of%20Dragon%20v1.0-v1.15%20Plus%2045%20Trainer.rar
Homefront The Revolution,Homefront The Revolution v1.0-Update 2017.03.06 Plus 10 Trainer,https://archive.flingtrainer.com/files/Homefront%20The%20Revolution%20v1.0-Update%202017.03.06%20Plus%2010%20Trainer.rar
Homeworld Deserts of Kharak,Homeworld Deserts of Kharak v1.0-v1.2.1 Plus 11 Trainer x64,https://archive.flingtrainer.com/files/Homeworld%20Deserts%20of%20Kharak%20v1.0-v1.2.1%20Plus%2011%20Trainer%20x64.rar
How to Survive,How to Survive v1.0-Update 1 Plus 22 Trainer,https://archive.flingtrainer.com/files/How%20to%20Survive%20v1.0-Update%201%20Plus%2022%20Trainer.rar
Hyperdevotion Noire Goddess Black Heart,Hyperdevotion Noire Goddess Black Heart v1.0 Plus 15 Trainer,https://archive.flingtrainer.com/files/Hyperdevotion%20Noire%20Goddess%20Black%20Heart%20v1.0%20Plus%2015%20Trainer.rar
Hyperdimension Neptunia Re;Birth1,Hyperdimension Neptunia Re;Birth1 v1.0-Update 6 Plus 16 Trainer,https://archive.flingtrainer.com/files/Hyperdimension%20Neptunia%20Re;Birth1%20v1.0-Update%206%20Plus%2016%20Trainer.rar
Hyperdimension Neptunia ReBirth2,Hyperdimension Neptunia ReBirth2 v1.0 Plus 22 Trainer,https://archive.flingtrainer.com/files/Hyperdimension%20Neptunia%20ReBirth2%20v1.0%20Plus%2022%20Trainer.rar
Hyperdimension Neptunia ReBirth3,Hyperdimension Neptunia ReBirth3 v1.0 Plus 24 Trainer,https://archive.flingtrainer.com/files/Hyperdimension%20Neptunia%20ReBirth3%20v1.0%20Plus%2024%20Trainer.rar
Hyperdimension Neptunia U Action Unleashed,Hyperdimension Neptunia U Action Unleashed v1.0-Update 4 Plus 15 Trainer Updated 2016.06.30,https://archive.flingtrainer.com/files/Hyperdimension%20Neptunia%20U%20Action%20Unleashed%20v1.0-Update%204%20Plus%2015%20Trainer%20Updated%202016.06.30.rar
I am Alive,I am Alive v1.0 Plus 6 Trainer,https://archive.flingtrainer.com/files/I%20am%20Alive%20v1.0%20Plus%206%20Trainer.rar
I am Setsuna,I am Setsuna v1.0 Plus 18 Trainer,https://archive.flingtrainer.com/files/I%20am%20Setsuna%20v1.0%20Plus%2018%20Trainer.rar
Imperator Rome,Imperator Rome v1.0-v1.1.0 Plus 12 Trainer,https://archive.flingtrainer.com/files/Imperator%20Rome%20v1.0-v1.1.0%20Plus%2012%20Trainer.rar
Injustice 2,Injustice 2 v20180523 Plus 13 Trainer,https://archive.flingtrainer.com/files/Injustice%202%20v20180523%20Plus%2013%20Trainer.rar
Inversion,Inversion v1.0 or Update 1 Plus 7 Trainer,https://archive.flingtrainer.com/files/Inversion%20v1.0%20or%20Update%201%20Plus%207%20Trainer.rar
Jagged Alliance: Crossfire,Jagged Alliance_Crossfire v1.0 Plus 18 Trainer,https://archive.flingtrainer.com/files/Jagged%20Alliance_Crossfire%20v1.0%20Plus%2018%20Trainer.rar
Jump Force,Jump Force v1.0-v1.13 Plus 18 Trainer,https://archive.flingtrainer.com/files/Jump%20Force%20v1.0-v1.13%20Plus%2018%20Trainer.rar
Jurassic World Evolution,Jurassic World Evolution v1.2.0-v1.4.1 Plus 9 Trainer,https://archive.flingtrainer.com/files/Jurassic%20World%20Evolution%20v1.2.0-v1.4.1%20Plus%209%20Trainer.rar
Just Cause 3,Just Cause 3 v1.0-v1.05 Plus 15 Trainer,https://archive.flingtrainer.com/files/Just%20Cause%203%20v1.0-v1.05%20Plus%2015%20Trainer.rar
Just Cause 4,Just Cause 4 v1.0-v20191015 Plus 16 Trainer,https://archive.flingtrainer.com/files/Just.Cause.4.v1.0-v20191015.Plus.16.Trainer-FLiNG.zip
Killing Floor 2,Killing Floor 2 v1048-v1053 Plus 4 Trainer,https://archive.flingtrainer.com/files/Killing%20Floor%202%20v1048-v1053%20Plus%204%20Trainer.rar
Kingdom Come Deliverance,Kingdom Come Deliverance v1.2-v1.5 Plus 16 Trainer,https://archive.flingtrainer.com/files/Kingdom%20Come%20Deliverance%20v1.2-v1.5%20Plus%2016%20Trainer.rar
Kingdom New Lands,Kingdom New Lands v1.0.1 Plus 5 Trainer,https://archive.flingtrainer.com/files/Kingdom%20New%20Lands%20v1.0.1%20Plus%205%20Trainer.rar
Kung Fu Strike The Warriors Rise,Kung Fu Strike The Warriors Rise v1.0-v1.04 Plus 7 Trainer,https://archive.flingtrainer.com/files/Kung%20Fu%20Strike%20The%20Warriors%20Rise%20v1.0-v1.04%20Plus%207%20Trainer.rar
Legion War Early Access,Legion War Early Access Plus 16 Trainer Updated 2019.04.17,https://archive.flingtrainer.com/files/Legion%20War%20Early%20Access%20Plus%2016%20Trainer%20Updated%202019.04.17.rar
Lego Marvel Super Heroes,Lego Marvel Super Heroes v1.0.0.12856 Plus 8 Trainer,https://archive.flingtrainer.com/files/Lego%20Marvel%20Super%20Heroes%20v1.0.0.12856%20Plus%208%20Trainer.rar
LEGO MARVELs Avengers,LEGO MARVELs Avengers v1.0 Plus 9 Trainer x64,https://archive.flingtrainer.com/files/LEGO%20MARVELs%20Avengers%20v1.0%20Plus%209%20Trainer%20x64.rar
LEGO Star Wars The Force Awakens,LEGO Star Wars The Force Awakens v1.0 Plus 4 Trainer (64Bit_DX11),https://archive.flingtrainer.com/files/LEGO%20Star%20Wars%20The%20Force%20Awakens%20v1.0%20Plus%204%20Trainer%20(64Bit_DX11).rar
Life is Feudal Forest Village,Life is Feudal Forest Village Plus 8 Trainer Updated 2018.09.09,https://archive.flingtrainer.com/files/Life%20is%20Feudal%20Forest%20Village%20Plus%208%20Trainer%20Updated%202018.09.09.rar
Lightning Returns Final Fantasy XIII,Lightning Returns Final Fantasy XIII v1.0 Plus 12 Trainer,https://archive.flingtrainer.com/files/Lightning%20Returns%20Final%20Fantasy%20XIII%20v1.0%20Plus%2012%20Trainer.rar
Little Witch Academia Chamber of Time,Little Witch Academia Chamber of Time v1.0 Plus 13 Trainer,https://archive.flingtrainer.com/files/Little%20Witch%20Academia%20Chamber%20of%20Time%20v1.0%20Plus%2013%20Trainer.rar
Lords of Football,Lords of Football v1.0 Plus 9 Trainer,https://archive.flingtrainer.com/files/Lords%20of%20Football%20v1.0%20Plus%209%20Trainer.rar
Lords Of The Fallen,Lords Of The Fallen v1.6 Plus 22 Trainer,https://archive.flingtrainer.com/files/Lords%20Of%20The%20Fallen%20v1.6%20Plus%2022%20Trainer.rar
Mad Max,Mad Max v1.0-v20180430 (Steam.and.Origin) Plus 12 Trainer,https://archive.flingtrainer.com/files/Mad%20Max%20v1.0-v20180430%20(Steam.and.Origin)%20Plus%2012%20Trainer.rar
Mafia III,Mafia III v1.0-v1.09 Plus 16 Trainer,https://archive.flingtrainer.com/files/Mafia%20III%20v1.0-v1.09%20Plus%2016%20Trainer.rar
Mages of Mystralia,Mages of Mystralia v1.0-Build 27195 Plus 10 Trainer,https://archive.flingtrainer.com/files/Mages%20of%20Mystralia%20v1.0-Build%2027195%20Plus%2010%20Trainer.rar
Magicka 2,Magicka 2 v1.0-v1.0.1.5r2 Plus 5 Trainer,https://archive.flingtrainer.com/files/Magicka%202%20v1.0-v1.0.1.5r2%20Plus%205%20Trainer.rar
Magicka,Magicka v1.4.14.1 Plus 6 Trainer,https://archive.flingtrainer.com/files/Magicka%20v1.4.14.1%20Plus%206%20Trainer.rar
Mark of the Ninja,Mark of the Ninja 1.0-Update 4 Plus 11 trainer,https://archive.flingtrainer.com/files/Mark%20of%20the%20Ninja%201.0-Update%204%20Plus%2011%20trainer.rar
Marvel vs Capcom Infinite,Marvel vs Capcom Infinite v1.0 Plus 10 Trainer,https://archive.flingtrainer.com/files/Marvel%20vs%20Capcom%20Infinite%20v1.0%20Plus%2010%20Trainer.rar
Mass Effect 3,Mass Effect 3 Plus 13 Trainer,https://archive.flingtrainer.com/files/Mass%20Effect%203%20Plus%2013%20Trainer.rar
Mass Effect Andromeda,Mass Effect Andromeda v1.04-v1.10 Plus 19 Trainer,https://archive.flingtrainer.com/files/Mass%20Effect%20Andromeda%20v1.04-v1.10%20Plus%2019%20Trainer.rar
Max Payne 3,Max Payne 3 Plus 6 Trainer,https://archive.flingtrainer.com/files/Max%20Payne%203%20Plus%206%20Trainer.rar
Medal of Honor: Warfighter,Medal of Honor_Warfighter v1.0.0.2 Plus 6 Trainer,https://archive.flingtrainer.com/files/Medal%20of%20Honor_Warfighter%20v1.0.0.2%20Plus%206%20Trainer.rar
Mega Man 11,Mega Man 11 v1.0-v20181119 Plus 8 Trainer,https://archive.flingtrainer.com/files/Mega%20Man%2011%20v1.0-v20181119%20Plus%208%20Trainer.rar
Megadimension Neptunia VII,Megadimension Neptunia VII v1.0-Update 2 Plus 20 Trainer,https://archive.flingtrainer.com/files/Megadimension%20Neptunia%20VII%20v1.0-Update%202%20Plus%2020%20Trainer.rar
Metal Gear Solid V The Phantom Pain,Metal Gear Solid V The Phantom Pain v1.0.1.0-v1.10 Plus 22 Trainer,https://archive.flingtrainer.com/files/Metal%20Gear%20Solid%20V%20The%20Phantom%20Pain%20v1.0.1.0-v1.10%20Plus%2022%20Trainer.rar
Metal Gear Solid V: Ground Zeroes,Metal Gear Solid V_Ground Zeroes v1.0-1.002 Plus 15 Trainer,https://archive.flingtrainer.com/files/Metal%20Gear%20Solid%20V_Ground%20Zeroes%20v1.0-1.002%20Plus%2015%20Trainer.rar
Metro Exodus,Metro Exodus v1.0 Plus 10 Trainer,https://archive.flingtrainer.com/files/Metro%20Exodus%20v1.0%20Plus%2010%20Trainer.rar
Metro: Last Light,Metro_Last Light v1.0-1.0.0.2 Plus 15 Trainer,https://archive.flingtrainer.com/files/Metro_Last%20Light%20v1.0-1.0.0.2%20Plus%2015%20Trainer.rar
Middle-earth Shadow of War,Middle-earth Shadow of War v1.0-v1.18 Plus 19 Trainer Fixed,https://archive.flingtrainer.com/files/Middle-earth%20Shadow%20of%20War%20v1.0-v1.18%20Plus%2019%20Trainer%20Fixed.rar
Might & Magic Heroes VI Shades of Darkness,Might & Magic Heroes VI Shades of Darkness v2.1 Plus 20 Trainer,https://archive.flingtrainer.com/files/Might%20&%20Magic%20Heroes%20VI%20Shades%20of%20Darkness%20v2.1%20Plus%2020%20Trainer.rar
Might and Magic Heroes VII,Might and Magic Heroes VII v1.1-v2.2 Plus 22 Trainer x64 Updated,https://archive.flingtrainer.com/files/Might%20and%20Magic%20Heroes%20VII%20v1.1-v2.2%20Plus%2022%20Trainer%20x64%20Updated.rar
Mighty No. 9,Mighty No. 9 v1.0 Plus 7 Trainer (32 Bit),https://archive.flingtrainer.com/files/Mighty%20No.%209%20v1.0%20Plus%207%20Trainer%20(32%20Bit).rar
Mind Zero,Mind Zero v1.0 Plus 16 Trainer,https://archive.flingtrainer.com/files/Mind%20Zero%20v1.0%20Plus%2016%20Trainer.rar
Monster Hunter World,Monster Hunter World v1.0-v20190403 Plus 46 Trainer,https://archive.flingtrainer.com/files/Monster%20Hunter%20World%20v1.0-v20190403%20Plus%2046%20Trainer.rar
Mortal Kombat 11,Mortal Kombat 11 v1.0-v20191126 Plus 11 Trainer,https://archive.flingtrainer.com/files/Mortal%20Kombat%2011%20v1.0-v20191126%20Plus%2011%20Trainer.rar
My Hero Ones Justice,My Hero Ones Justice v1.0-v20181108 Plus 14 Trainer,https://archive.flingtrainer.com/files/My%20Hero%20Ones%20Justice%20v1.0-v20181108%20Plus%2014%20Trainer.rar
My Time At Portia,My Time At Portia v1.0 Plus 17 Trainer Updated 2019.01.15,https://archive.flingtrainer.com/files/My%20Time%20At%20Portia%20v1.0%20Plus%2017%20Trainer%20Updated%202019.01.15.rar
Naruto Shippuden Ultimate Ninja Storm 2,Naruto Shippuden Ultimate Ninja Storm 2 v1.0 Plus 13 Trainer Fixed,https://archive.flingtrainer.com/files/Naruto%20Shippuden%20Ultimate%20Ninja%20Storm%202%20v1.0%20Plus%2013%20Trainer%20Fixed.rar
NARUTO SHIPPUDEN Ultimate Ninja STORM 3 Full Burst HD,NARUTO SHIPPUDEN Ultimate Ninja STORM 3 Full Burst HD v1.0 Plus 14 Trainer,https://archive.flingtrainer.com/files/NARUTO%20SHIPPUDEN%20Ultimate%20Ninja%20STORM%203%20Full%20Burst%20HD%20v1.0%20Plus%2014%20Trainer.rar
Naruto Shippuden Ultimate Ninja Storm 4,Naruto Shippuden Ultimate Ninja Storm 4 v1.0-v1.07 Plus 15 Trainer,https://archive.flingtrainer.com/files/Naruto%20Shippuden%20Ultimate%20Ninja%20Storm%204%20v1.0-v1.07%20Plus%2015%20Trainer.rar
Naruto Ultimate Ninja Storm,Naruto Ultimate Ninja Storm v1.0 Plus 16 Trainer,https://archive.flingtrainer.com/files/Naruto%20Ultimate%20Ninja%20Storm%20v1.0%20Plus%2016%20Trainer.rar
NBA 2K13,NBA 2K13 v1.0 Plus 10 Trainer,https://archive.flingtrainer.com/files/NBA%202K13%20v1.0%20Plus%2010%20Trainer.rar
NBA 2K16,NBA 2K16 v1.0-Update 10 Plus 13 Trainer,https://archive.flingtrainer.com/files/NBA%202K16%20v1.0-Update%2010%20Plus%2013%20Trainer.rar
NBA 2K17,NBA 2K17 v1.0-Update 7 Plus 15 Trainer,https://archive.flingtrainer.com/files/NBA%202K17%20v1.0-Update%207%20Plus%2015%20Trainer.rar
NBA 2K18,NBA 2K18 v1.0 Plus 12 Trainer Updated,https://archive.flingtrainer.com/files/NBA%202K18%20v1.0%20Plus%2012%20Trainer%20Updated.rar
NBA 2K19,NBA 2K19 v1.0-v1.05 Plus 12 Trainer,https://archive.flingtrainer.com/files/NBA%202K19%20v1.0-v1.05%20Plus%2012%20Trainer.rar
Necropolis,Necropolis v1.0-v1.1 Plus 10 Trainer,https://archive.flingtrainer.com/files/Necropolis%20v1.0-v1.1%20Plus%2010%20Trainer.rar
Need for Speed Payback,Need for Speed Payback v201802 Plus 9 Trainer,https://archive.flingtrainer.com/files/Need%20for%20Speed%20Payback%20v201802%20Plus%209%20Trainer.rar
Need For Speed: Most Wanted,Need For Speed_Most Wanted Plus 8 Trainer,https://archive.flingtrainer.com/files/Need%20For%20Speed_Most%20Wanted%20Plus%208%20Trainer.rar
Need for Speed: Rivals,Need for Speed_Rivals v1.0-1.2.0.0 Plus 14 Trainer x86,https://archive.flingtrainer.com/files/Need%20for%20Speed_Rivals%20v1.0-1.2.0.0%20Plus%2014%20Trainer%20x86.rar
Ni no Kuni II Revenant Kingdom,Ni no Kuni II Revenant Kingdom v1.0-v3.0 Plus 18 Trainer,https://archive.flingtrainer.com/files/Ni%20no%20Kuni%20II%20Revenant%20Kingdom%20v1.0-v3.0%20Plus%2018%20Trainer.rar
NieR Automata,NieR Automata v1.0-v20170428 Plus 18 Trainer,https://archive.flingtrainer.com/files/NieR%20Automata%20v1.0-v20170428%20Plus%2018%20Trainer.rar
Nights of Azure 2 Bride of The New Moon,Nights of Azure 2 Bride of The New Moon v1.0-v20171117 Plus 11 Trainer,https://archive.flingtrainer.com/files/Nights%20of%20Azure%202%20Bride%20of%20The%20New%20Moon%20v1.0-v20171117%20Plus%2011%20Trainer.rar
Nights of Azure,Nights of Azure v1.0 Plus 10 Trainer,https://archive.flingtrainer.com/files/Nights%20of%20Azure%20v1.0%20Plus%2010%20Trainer.rar
Nioh Complete Edition,Nioh Complete Edition v1.21 Plus 23 Trainer,https://archive.flingtrainer.com/files/Nioh%20Complete%20Edition%20v1.21%20Plus%2023%20Trainer.rar
No Mans Sky,No Mans Sky v1.0-v1.75 Plus 27 Trainer,https://archive.flingtrainer.com/files/No%20Mans%20Sky%20v1.0-v1.75%20Plus%2027%20Trainer.rar
NOBUNAGAS AMBITION Souzou Sengoku Risshiden,NOBUNAGAS AMBITION Souzou Sengoku Risshiden v1.0.1.1-v1.0.8.2 Plus 34 Trainer,https://archive.flingtrainer.com/files/NOBUNAGAS%20AMBITION%20Souzou%20Sengoku%20Risshiden%20v1.0.1.1-v1.0.8.2%20Plus%2034%20Trainer.rar
Nobunagas Ambition Taishi,Nobunagas Ambition Taishi v1.0-v20180605 Plus 22 Trainer,https://archive.flingtrainer.com/files/Nobunagas%20Ambition%20Taishi%20v1.0-v20180605%20Plus%2022%20Trainer.rar
Nobunagas Ambition Taishi with Power Up Kit,Nobunagas Ambition Taishi with Power Up Kit v1.0 Plus 20 Trainer,https://archive.flingtrainer.com/files/Nobunagas%20Ambition%20Taishi%20with%20Power%20Up%20Kit%20v1.0%20Plus%2020%20Trainer.rar
OKAMI HD,OKAMI HD v1.0 Plus 7 Trainer,https://archive.flingtrainer.com/files/OKAMI%20HD%20v1.0%20Plus%207%20Trainer.rar
One Piece Burning Blood,One Piece Burning Blood v1.06-v1.09 Plus 13 Trainer,https://archive.flingtrainer.com/files/One%20Piece%20Burning%20Blood%20v1.06-v1.09%20Plus%2013%20Trainer.rar
One Piece Pirate Warriors 3,One Piece Pirate Warriors 3 v1.0 Plus 18 Trainer,https://archive.flingtrainer.com/files/One%20Piece%20Pirate%20Warriors%203%20v1.0%20Plus%2018%20Trainer.rar
One Piece Unlimited World Red,One Piece Unlimited World Red v1.0 Plus 15 Trainer,https://archive.flingtrainer.com/files/One%20Piece%20Unlimited%20World%20Red%20v1.0%20Plus%2015%20Trainer.rar
One Piece World Seeker,One Piece World Seeker v1.0.1-v1.2.0 Plus 10 Trainer,https://archive.flingtrainer.com/files/One%20Piece%20World%20Seeker%20v1.0.1-v1.2.0%20Plus%2010%20Trainer.rar
Onechanbara Z2 Chaos,Onechanbara Z2 Chaos v1.01-v1.09 Plus 13 Trainer,https://archive.flingtrainer.com/files/Onechanbara%20Z2%20Chaos%20v1.01-v1.09%20Plus%2013%20Trainer.rar
Onimusha Warlords,Onimusha Warlords v1.0 Plus 5 Trainer,https://archive.flingtrainer.com/files/Onimusha%20Warlords%20v1.0%20Plus%205%20Trainer.rar
Orcs Must Die 2,Orcs Must Die 2 Plus 11 Trainer,https://archive.flingtrainer.com/files/Orcs%20Must%20Die%202%20Plus%2011%20Trainer.rar
Ori and the Blind Forest Definitive Edition,Ori and the Blind Forest Definitive Edition v1.0 Plus 13 Trainer,https://archive.flingtrainer.com/files/Ori%20and%20the%20Blind%20Forest%20Definitive%20Edition%20v1.0%20Plus%2013%20Trainer.rar
Outlast 2,Outlast 2 v1.0-Update 2 Plus 4 Trainer,https://archive.flingtrainer.com/files/Outlast%202%20v1.0-Update%202%20Plus%204%20Trainer.rar
Outward,Outward v1.0 Plus 18 Trainer,https://archive.flingtrainer.com/files/Outward%20v1.0%20Plus%2018%20Trainer.rar
Overcooked 2,Overcooked 2 v1.0-v20180917 Plus 9 Trainer,https://archive.flingtrainer.com/files/Overcooked%202%20v1.0-v20180917%20Plus%209%20Trainer.rar
Overcooked,Overcooked v1.0 Plus 9 Trainer,https://archive.flingtrainer.com/files/Overcooked%20v1.0%20Plus%209%20Trainer.rar
Overlord Fellowship of Evil,Overlord Fellowship of Evil v1.0-Update 1 Plus 14 Trainer,https://archive.flingtrainer.com/files/Overlord%20Fellowship%20of%20Evil%20v1.0-Update%201%20Plus%2014%20Trainer.rar
PAL 6,PAL 6 v1.01-v1.05 Plus 17 Trainer,https://archive.flingtrainer.com/files/PAL%206%20v1.01-v1.05%20Plus%2017%20Trainer.rar
Papo & Yo,Papo & Yo v1.0 Plus 3 Trainer,https://archive.flingtrainer.com/files/Papo%20&%20Yo%20v1.0%20Plus%203%20Trainer.rar
Past Cure,Past Cure v1.0 Plus 4 Trainer,https://archive.flingtrainer.com/files/Past%20Cure%20v1.0%20Plus%204%20Trainer.rar
Pathfinder Kingmaker,Pathfinder Kingmaker v1.0-v1.1.5 Plus 16 Trainer,https://archive.flingtrainer.com/files/Pathfinder%20Kingmaker%20v1.0-v1.1.5%20Plus%2016%20Trainer.rar
Phantom Brave PC,Phantom Brave PC v1.0-Update 2 Plus 13 Trainer,https://archive.flingtrainer.com/files/Phantom%20Brave%20PC%20v1.0-Update%202%20Plus%2013%20Trainer.rar
Pillars of Eternity II Deadfire,Pillars of Eternity II Deadfire v1.0.1-v3.0 Plus 15 Trainer,https://archive.flingtrainer.com/files/Pillars%20of%20Eternity%20II%20Deadfire%20v1.0.1-v3.0%20Plus%2015%20Trainer.rar
Pillars of Eternity,Pillars of Eternity v1.0-v3.06 Plus 24 Trainer,https://archive.flingtrainer.com/files/Pillars%20of%20Eternity%20v1.0-v3.06%20Plus%2024%20Trainer.rar
Planetbase,Planetbase v1.0.4-v1.2.1 Plus 17 Trainer,https://archive.flingtrainer.com/files/Planetbase%20v1.0.4-v1.2.1%20Plus%2017%20Trainer.rar
Police Tactics Imperio,Police Tactics Imperio v1.1984 Plus 8 Trainer,https://archive.flingtrainer.com/files/Police%20Tactics%20Imperio%20v1.1984%20Plus%208%20Trainer.rar
Port Royale 3,Port Royale 3 v1.0_v1.1 Plus 3 Trainer,https://archive.flingtrainer.com/files/Port%20Royale%203%20v1.0_v1.1%20Plus%203%20Trainer.rar
Prey,Prey v1.0-v1.06 Plus 10 Trainer,https://archive.flingtrainer.com/files/Prey%20v1.0-v1.06%20Plus%2010%20Trainer.rar
Pro Evolution Soccer 2016,Pro Evolution Soccer 2016 v1.0-v1.04 Plus 7 Trainer,https://archive.flingtrainer.com/files/Pro%20Evolution%20Soccer%202016%20v1.0-v1.04%20Plus%207%20Trainer.rar
Pro Evolution Soccer 2017,Pro Evolution Soccer 2017 v1.02-v1.03 Plus 7 Trainer,https://archive.flingtrainer.com/files/Pro%20Evolution%20Soccer%202017%20v1.02-v1.03%20Plus%207%20Trainer.rar
Pro Evolution Soccer 2018,Pro Evolution Soccer 2018 v1.01-v1.02 Plus 6 Trainer,https://archive.flingtrainer.com/files/Pro%20Evolution%20Soccer%202018%20v1.01-v1.02%20Plus%206%20Trainer.rar
Pro Evolution Soccer 2019,Pro Evolution Soccer 2019 v1.02-v1.03 Plus 8 Trainer,https://archive.flingtrainer.com/files/Pro%20Evolution%20Soccer%202019%20v1.02-v1.03%20Plus%208%20Trainer.rar
Project CARS 2,Project CARS 2 v1.1.1-v1.1.2 Plus 2 Trainer,https://archive.flingtrainer.com/files/Project%20CARS%202%20v1.1.1-v1.1.2%20Plus%202%20Trainer.rar
Prototype 2,Prototype 2 v1.0 Plus 11 Trainer Fixed,https://archive.flingtrainer.com/files/Prototype%202%20v1.0%20Plus%2011%20Trainer%20Fixed.rar
Quantum Break Steam Edition,Quantum Break Steam Edition v1.0 Plus 13 Trainer,https://archive.flingtrainer.com/files/Quantum%20Break%20Steam%20Edition%20v1.0%20Plus%2013%20Trainer.rar
Quantum Break,Quantum Break v1.5.0.0-2.2.0.0 Plus 11 Trainer,https://archive.flingtrainer.com/files/Quantum%20Break%20v1.5.0.0-2.2.0.0%20Plus%2011%20Trainer.rar
Rainblood: Mirage,Rainblood_Mirage Plus 13 Trainer,https://archive.flingtrainer.com/files/Rainblood_Mirage%20Plus%2013%20Trainer.rar
Ravens Cry,Ravens Cry v1.0-Update 7 Plus 10 Trainer,https://archive.flingtrainer.com/files/Ravens%20Cry%20v1.0-Update%207%20Plus%2010%20Trainer.rar
Rayman Origins,Rayman Origins v1.0 Plus 4 Trainer,https://archive.flingtrainer.com/files/Rayman%20Origins%20v1.0%20Plus%204%20Trainer.rar
Redeemer,Redeemer v1.0-Update 1 Plus 6 Trainer,https://archive.flingtrainer.com/files/Redeemer%20v1.0-Update%201%20Plus%206%20Trainer.rar
Remember Me,Remember Me v1.0-1.02 Plus 8 Trainer,https://archive.flingtrainer.com/files/Remember%20Me%20v1.0-1.02%20Plus%208%20Trainer.rar
Resident Evil 0 HD REMASTER,Resident Evil 0 HD REMASTER v1.0 Plus 7 Trainer Fixed,https://archive.flingtrainer.com/files/Resident%20Evil%200%20HD%20REMASTER%20v1.0%20Plus%207%20Trainer%20Fixed.rar
Resident Evil 2,Resident Evil 2 v1.0-v20191217 Plus 20 Trainer,https://archive.flingtrainer.com/files/Resident%20Evil%202%20v1.0-v20191217%20Plus%2020%20Trainer.rar
Resident Evil 5 Gold Edition,Resident Evil 5 Gold Edition v1.0-v1.2.0 Plus 17 Trainer,https://archive.flingtrainer.com/files/Resident.Evil.5.Gold.Edition.v1.0-v1.2.0.Plus.17.Trainer-FLiNG.zip
Resident Evil 6,Resident Evil 6 v1.0-1.0.6.165 Plus 14 Trainer,https://archive.flingtrainer.com/files/Resident%20Evil%206%20v1.0-1.0.6.165%20Plus%2014%20Trainer.rar
Resident Evil 7 Biohazard,Resident Evil 7 Biohazard v1.0-v20190128 Plus 9 Trainer,https://archive.flingtrainer.com/files/Resident%20Evil%207%20Biohazard%20v1.0-v20190128%20Plus%209%20Trainer.rar
Resident Evil Operation Raccoon City,Resident Evil Operation Raccoon City v1.0 Plus 11 Trainer,https://archive.flingtrainer.com/files/Resident%20Evil%20Operation%20Raccoon%20City%20v1.0%20Plus%2011%20Trainer.rar
Resident Evil Revelations 2,Resident Evil Revelations 2 v1.0-v5.00 Plus 20 Trainer,https://archive.flingtrainer.com/files/Resident%20Evil%20Revelations%202%20v1.0-v5.00%20Plus%2020%20Trainer.rar
Resident Evil: Biohazard HD Remaster,Resident Evil_Biohazard HD Remaster v1.0 Plus 16 Trainer Fixed,https://archive.flingtrainer.com/files/Resident%20Evil_Biohazard%20HD%20Remaster%20v1.0%20Plus%2016%20Trainer%20Fixed.rar
Resident Evil: Revelations HD,Resident Evil_Revelations HD v1.0-Update 4 Plus 12 Trainer,https://archive.flingtrainer.com/files/Resident%20Evil_Revelations%20HD%20v1.0-Update%204%20Plus%2012%20Trainer.rar
Resonance of Fate End of Eternity 4K HD Edition,Resonance of Fate End of Eternity 4K HD Edition v1.0 Plus 8 Trainer,https://archive.flingtrainer.com/files/Resonance%20of%20Fate%20End%20of%20Eternity%204K%20HD%20Edition%20v1.0%20Plus%208%20Trainer.rar
Reus,Reus v1.0-Update 1 Plus 5 Trainer,https://archive.flingtrainer.com/files/Reus%20v1.0-Update%201%20Plus%205%20Trainer.rar
Ridge Racer Unbounded,Ridge Racer Unbounded v1.02-v1.08 Plus 9 Trainer,https://archive.flingtrainer.com/files/Ridge%20Racer%20Unbounded%20v1.02-v1.08%20Plus%209%20Trainer.rar
Rise and Shine,Rise and Shine v1.0 Plus 4 Trainer,https://archive.flingtrainer.com/files/Rise%20and%20Shine%20v1.0%20Plus%204%20Trainer.rar
Rise of the Tomb Raider,Rise of the Tomb Raider v1.0-v1.0.820.0 Plus 19 Trainer,https://archive.flingtrainer.com/files/Rise%20of%20the%20Tomb%20Raider%20v1.0-v1.0.820.0%20Plus%2019%20Trainer.rar
Risen 2 Dark Waters,Risen 2 Dark Waters Plus 13 Trainer,https://archive.flingtrainer.com/files/Risen%202%20Dark%20Waters%20Plus%2013%20Trainer.rar
River City Ransom Underground,River City Ransom Underground v1.0-v20171117 Plus 8 Trainer,https://archive.flingtrainer.com/files/River%20City%20Ransom%20Underground%20v1.0-v20171117%20Plus%208%20Trainer.rar
Rogue Legacy 1.0.13.0,Rogue Legacy 1.0.13.0 Plus 9 Trainer,https://archive.flingtrainer.com/files/Rogue%20Legacy%201.0.13.0%20Plus%209%20Trainer.rar
Romance of the Three Kingdoms XIII,Romance of the Three Kingdoms XIII v1.0-v1.0.10 Plus 49 Trainer,https://archive.flingtrainer.com/files/Romance%20of%20the%20Three%20Kingdoms%20XIII%20v1.0-v1.0.10%20Plus%2049%20Trainer.rar
Romance of the Three Kingdoms XIII with Power-Up Kit,Romance of the Three Kingdoms XIII with Power-Up Kit v1.0-v1.0.6 Plus 48 Trainer,https://archive.flingtrainer.com/files/Romance%20of%20the%20Three%20Kingdoms%20XIII%20with%20Power-Up%20Kit%20v1.0-v1.0.6%20Plus%2048%20Trainer.rar
Sacred Citadel,Sacred Citadel v1.0 Plus 15 Trainer,https://archive.flingtrainer.com/files/Sacred%20Citadel%20v1.0%20Plus%2015%20Trainer.rar
Saint Seiya Soldiers Soul,Saint Seiya Soldiers Soul v1.0 Plus 11 Trainer,https://archive.flingtrainer.com/files/Saint%20Seiya%20Soldiers%20Soul%20v1.0%20Plus%2011%20Trainer.rar
Saints Row 4,Saints Row 4 v1.0-Update 4 Plus 14 Trainer,https://archive.flingtrainer.com/files/Saints%20Row%204%20v1.0-Update%204%20Plus%2014%20Trainer.rar
Saints Row: Gat Out of Hell,Saints Row_Gat Out of Hell v1.0-Update 1 Plus 21 Trainer,https://archive.flingtrainer.com/files/Saints%20Row_Gat%20Out%20of%20Hell%20v1.0-Update%201%20Plus%2021%20Trainer.rar
Samurai Warriors 4-II,Samurai Warriors 4-II v1.0 Plus 15 Trainer,https://archive.flingtrainer.com/files/Samurai%20Warriors%204-II%20v1.0%20Plus%2015%20Trainer.rar
Samurai Warriors Spirit of Sanada,Samurai Warriors Spirit of Sanada v1.0-v1.0.2 Plus 16 Trainer,https://archive.flingtrainer.com/files/Samurai%20Warriors%20Spirit%20of%20Sanada%20v1.0-v1.0.2%20Plus%2016%20Trainer.rar
Sanctum 2,Sanctum 2 v1.0-Update 1 Plus 9 Trainer,https://archive.flingtrainer.com/files/Sanctum%202%20v1.0-Update%201%20Plus%209%20Trainer.rar
Sangokushi 12 PK,Sangokushi 12 PK v1.0-1.0.0.6 Plus 15 Trainer,https://archive.flingtrainer.com/files/Sangokushi%2012%20PK%20v1.0-1.0.0.6%20Plus%2015%20Trainer.rar
Sangokushi 12,Sangokushi 12 v1.0.0.0-v1.0.0.6 Plus 15 Trainer,https://archive.flingtrainer.com/files/Sangokushi%2012%20v1.0.0.0-v1.0.0.6%20Plus%2015%20Trainer.rar
Secret of Mana,Secret of Mana v1.0-v20180627 Plus 11 Trainer,https://archive.flingtrainer.com/files/Secret%20of%20Mana%20v1.0-v20180627%20Plus%2011%20Trainer.rar
Sekiro Shadows Die Twice,Sekiro Shadows Die Twice v1.02-v1.04 Plus 24 Trainer,https://archive.flingtrainer.com/files/Sekiro%20Shadows%20Die%20Twice%20v1.02-v1.04%20Plus%2024%20Trainer.rar
SENRAN KAGURA Burst Re Newal,SENRAN KAGURA Burst Re Newal v1.0 Plus 14 Trainer,https://archive.flingtrainer.com/files/SENRAN%20KAGURA%20Burst%20Re%20Newal%20v1.0%20Plus%2014%20Trainer.rar
Senran Kagura Estival Versus,Senran Kagura Estival Versus v1.0 Plus 13 Trainer,https://archive.flingtrainer.com/files/Senran%20Kagura%20Estival%20Versus%20v1.0%20Plus%2013%20Trainer.rar
Senran Kagura Peach Beach Splash,Senran Kagura Peach Beach Splash v1.0-v1.02 Plus 10 Trainer,https://archive.flingtrainer.com/files/Senran%20Kagura%20Peach%20Beach%20Splash%20v1.0-v1.02%20Plus%2010%20Trainer.rar
Senran Kagura Shinovi Versus,Senran Kagura Shinovi Versus v1.0-v1.04 Plus 16 Trainer,https://archive.flingtrainer.com/files/Senran%20Kagura%20Shinovi%20Versus%20v1.0-v1.04%20Plus%2016%20Trainer.rar
Shadow of the Tomb Raider,Shadow of the Tomb Raider v1.0-v20230712 Plus 18 Trainer,https://archive.flingtrainer.com/files/Shadow.of.the.Tomb.Raider.v1.0-v20230712.Plus.18.Trainer-FLiNG.zip
Shadow Tactics Blades of the Shogun,Shadow Tactics Blades of the Shogun v1.1.2-v1.2.1 Plus 4 Trainer,https://archive.flingtrainer.com/files/Shadow%20Tactics%20Blades%20of%20the%20Shogun%20v1.1.2-v1.2.1%20Plus%204%20Trainer.rar
Shenmue 1 HD,Shenmue 1 HD v1.0-v1.01 Plus 6 Trainer,https://archive.flingtrainer.com/files/Shenmue%201%20HD%20v1.0-v1.01%20Plus%206%20Trainer.rar
Shenmue 2 HD,Shenmue 2 HD v1.0 Plus 8 Trainer,https://archive.flingtrainer.com/files/Shenmue%202%20HD%20v1.0%20Plus%208%20Trainer.rar
Shin Sangokumusou 6,Shin Sangokumusou 6 v1.0-v1.02 Plus 16 Trainer,https://archive.flingtrainer.com/files/Shin%20Sangokumusou%206%20v1.0-v1.02%20Plus%2016%20Trainer.rar
Shining Resonance Refrain,Shining Resonance Refrain v1.0 Plus 18 Trainer,https://archive.flingtrainer.com/files/Shining%20Resonance%20Refrain%20v1.0%20Plus%2018%20Trainer.rar
Shoot Many Robots,Shoot Many Robots Plus 9 Trainer,https://archive.flingtrainer.com/files/Shoot%20Many%20Robots%20Plus%209%20Trainer.rar
Sid Meiers Civilization VI,Sid Meiers Civilization VI v1.0-v20190910 Plus 22 Trainer,https://archive.flingtrainer.com/files/Sid%20Meiers%20Civilization%20VI%20v1.0-v20190910%20Plus%2022%20Trainer.rar
Skyhill,Skyhill v1.0-v1.0.18 Plus 3 Trainer,https://archive.flingtrainer.com/files/Skyhill%20v1.0-v1.0.18%20Plus%203%20Trainer.rar
Sniper Elite 4,Sniper Elite 4 v1.0-v1.5.0 Plus 13 Trainer,https://archive.flingtrainer.com/files/Sniper%20Elite%204%20v1.0-v1.5.0%20Plus%2013%20Trainer.rar
Sniper Ghost Warrior 2,Sniper Ghost Warrior 2 v1.0-1.07 Plus 8 Trainer,https://archive.flingtrainer.com/files/Sniper%20Ghost%20Warrior%202%20v1.0-1.07%20Plus%208%20Trainer.rar
Sniper Ghost Warrior 3,Sniper Ghost Warrior 3 v1.0-v1.4 Plus 17 Trainer,https://archive.flingtrainer.com/files/Sniper%20Ghost%20Warrior%203%20v1.0-v1.4%20Plus%2017%20Trainer.rar
Song of the Deep,Song of the Deep v1.0-Update 2016.07.29 Plus 4 Trainer,https://archive.flingtrainer.com/files/Song%20of%20the%20Deep%20v1.0-Update%202016.07.29%20Plus%204%20Trainer.rar
Soulcalibur VI,Soulcalibur VI v1.0-v20181029 Plus 12 Trainer,https://archive.flingtrainer.com/files/Soulcalibur%20VI%20v1.0-v20181029%20Plus%2012%20Trainer.rar
South Park The Fractured But Whole,South Park The Fractured But Whole v1.0-v20171218 Plus 9 Trainer,https://archive.flingtrainer.com/files/South%20Park%20The%20Fractured%20But%20Whole%20v1.0-v20171218%20Plus%209%20Trainer.rar
Spec Ops: The Line,Spec Ops_The Line v1.0 Plus 11 Trainer,https://archive.flingtrainer.com/files/Spec%20Ops_The%20Line%20v1.0%20Plus%2011%20Trainer.rar
Spellforce 2: Faith in Destiny,Spellforce 2_Faith in Destiny v2.0.2.0 Plus 9 Trainer,https://archive.flingtrainer.com/files/Spellforce%202_Faith%20in%20Destiny%20v2.0.2.0%20Plus%209%20Trainer.rar
SpellForce 3,SpellForce 3 v1.0-v1.37 Plus 14 Trainer,https://archive.flingtrainer.com/files/SpellForce%203%20v1.0-v1.37%20Plus%2014%20Trainer.rar
Splinter Cell Blacklist,Splinter Cell Blacklist v1.0-1.03 Plus 10 Trainer,https://archive.flingtrainer.com/files/Splinter%20Cell%20Blacklist%20v1.0-1.03%20Plus%2010%20Trainer.rar
Star Ocean The Last Hope 4K And Full HD Remaster,Star Ocean The Last Hope 4K And Full HD Remaster v1.0 Plus 14 Trainer,https://archive.flingtrainer.com/files/Star%20Ocean%20The%20Last%20Hope%204K%20And%20Full%20HD%20Remaster%20v1.0%20Plus%2014%20Trainer.rar
Starbound,Starbound v1.0-v1.3.1 Plus 8 Trainer 64 Bit,https://archive.flingtrainer.com/files/Starbound%20v1.0-v1.3.1%20Plus%208%20Trainer%2064%20Bit.rar
StarDrive 2,StarDrive 2 v1.0b-v1.1 Plus 16 Trainer,https://archive.flingtrainer.com/files/StarDrive%202%20v1.0b-v1.1%20Plus%2016%20Trainer.rar
State of Decay 2,State of Decay 2 v1.3160-v3.0 Plus 13 Trainer,https://archive.flingtrainer.com/files/State%20of%20Decay%202%20v1.3160-v3.0%20Plus%2013%20Trainer.rar
Stellaris,Stellaris v1.0-v2.2.5 Plus 9 Trainer,https://archive.flingtrainer.com/files/Stellaris%20v1.0-v2.2.5%20Plus%209%20Trainer.rar
Street Fighter V,Street Fighter V v1.0-v3.05 Plus 12 Trainer,https://archive.flingtrainer.com/files/Street%20Fighter%20V%20v1.0-v3.05%20Plus%2012%20Trainer.rar
Street Fighter X Tekken,Street Fighter X Tekken v1.0 Plus 4 Trainer,https://archive.flingtrainer.com/files/Street%20Fighter%20X%20Tekken%20v1.0%20Plus%204%20Trainer.rar
Styx Shards of Darkness,Styx Shards of Darkness v1.02 Plus 15 Trainer,https://archive.flingtrainer.com/files/Styx%20Shards%20of%20Darkness%20v1.02%20Plus%2015%20Trainer.rar
Super Dragon Ball Heroes World Mission,Super Dragon Ball Heroes World Mission v1.0-v1.05 Plus 11 Trainer,https://archive.flingtrainer.com/files/Super%20Dragon%20Ball%20Heroes%20World%20Mission%20v1.0-v1.05%20Plus%2011%20Trainer.rar
Superdimension Neptune VS Sega Hard Girls,Superdimension Neptune VS Sega Hard Girls v1.0 Plus 17 Trainer,https://archive.flingtrainer.com/files/Superdimension%20Neptune%20VS%20Sega%20Hard%20Girls%20v1.0%20Plus%2017%20Trainer.rar
Sword Art Online Fatal Bullet,Sword Art Online Fatal Bullet v1.1.1-v1.9.0 Plus 21 Trainer,https://archive.flingtrainer.com/files/Sword%20Art%20Online%20Fatal%20Bullet%20v1.1.1-v1.9.0%20Plus%2021%20Trainer.rar
Sword Art Online Hollow Fragment,Sword Art Online Hollow Fragment v1.0 Plus 12 Trainer,https://archive.flingtrainer.com/files/Sword%20Art%20Online%20Hollow%20Fragment%20v1.0%20Plus%2012%20Trainer.rar
Sword Art Online Hollow Realization,Sword Art Online Hollow Realization v1.0 Plus 16 Trainer,https://archive.flingtrainer.com/files/Sword%20Art%20Online%20Hollow%20Realization%20v1.0%20Plus%2016%20Trainer.rar
Sword Art Online Lost Song,Sword Art Online Lost Song v1.0 Plus 12 Trainer,https://archive.flingtrainer.com/files/Sword%20Art%20Online%20Lost%20Song%20v1.0%20Plus%2012%20Trainer.rar
Sword Coast Legends,Sword Coast Legends v1.0-Update 8 Plus 15 Trainer,https://archive.flingtrainer.com/files/Sword%20Coast%20Legends%20v1.0-Update%208%20Plus%2015%20Trainer.rar
Tale of Wuxia Prequel,Tale of Wuxia Prequel v1.0-v1.0.2.4-Steam v1.0 Hotfix Plus 31 Trainer,https://archive.flingtrainer.com/files/Tale%20of%20Wuxia%20Prequel%20v1.0-v1.0.2.4-Steam%20v1.0%20Hotfix%20Plus%2031%20Trainer.rar
Tale of Wuxia,Tale of Wuxia v1.0.1.2-v1.0.2.9 Plus 62 Trainer,https://archive.flingtrainer.com/files/Tale%20of%20Wuxia%20v1.0.1.2-v1.0.2.9%20Plus%2062%20Trainer.rar
Tales of Berseria,Tales of Berseria v1.0-Update 2017.02.14 Plus 22 Trainer,https://archive.flingtrainer.com/files/Tales%20of%20Berseria%20v1.0-Update%202017.02.14%20Plus%2022%20Trainer.rar
Tales of Symphonia,Tales of Symphonia v1.0 Plus 23 Trainer,https://archive.flingtrainer.com/files/Tales%20of%20Symphonia%20v1.0%20Plus%2023%20Trainer.rar
Tales of Vesperia Definitive Edition,Tales of Vesperia Definitive Edition v1.0 Plus 24 Trainer,https://archive.flingtrainer.com/files/Tales%20of%20Vesperia%20Definitive%20Edition%20v1.0%20Plus%2024%20Trainer.rar
Tales of Zestiria,Tales of Zestiria v1.0-v1.4 Plus 16 Trainer,https://archive.flingtrainer.com/files/Tales%20of%20Zestiria%20v1.0-v1.4%20Plus%2016%20Trainer.rar
Teenage Mutant Ninja Turtles Mutants in Manhattan,Teenage Mutant Ninja Turtles Mutants in Manhattan v1.0 Plus 14 Trainer,https://archive.flingtrainer.com/files/Teenage%20Mutant%20Ninja%20Turtles%20Mutants%20in%20Manhattan%20v1.0%20Plus%2014%20Trainer.rar
Tekken 7,Tekken 7 v1.0-v1.13 Plus 11 Trainer,https://archive.flingtrainer.com/files/Tekken%207%20v1.0-v1.13%20Plus%2011%20Trainer.rar
The Amazing Spider-Man,The Amazing Spider-Man v1.0 Plus 3 Trainer,https://archive.flingtrainer.com/files/The%20Amazing%20Spider-Man%20v1.0%20Plus%203%20Trainer.rar
The Dwarves,The Dwarves v1.1.2.57 Plus 9 Trainer,https://archive.flingtrainer.com/files/The%20Dwarves%20v1.1.2.57%20Plus%209%20Trainer.rar
The Elder Scrolls V Skyrim Special Edition,The Elder Scrolls V Skyrim Special Edition v1.0-v1.4.2 Plus 10 Trainer,https://archive.flingtrainer.com/files/The%20Elder%20Scrolls%20V%20Skyrim%20Special%20Edition%20v1.0-v1.4.2%20Plus%2010%20Trainer.rar
The Escapists 2,The Escapists 2 v1.0-v1.0.8 Plus 16 Trainer,https://archive.flingtrainer.com/files/The%20Escapists%202%20v1.0-v1.0.8%20Plus%2016%20Trainer.rar
The Evil Within 2,The Evil Within 2 v1.0-v1.05 Plus 15 Trainer,https://archive.flingtrainer.com/files/The%20Evil%20Within%202%20v1.0-v1.05%20Plus%2015%20Trainer.rar
The Final Station,The Final Station v1.2-v1.2.4 Plus 10 Trainer,https://archive.flingtrainer.com/files/The%20Final%20Station%20v1.2-v1.2.4%20Plus%2010%20Trainer.rar
The Incredible Adventures of Van Helsing III,The Incredible Adventures of Van Helsing III v1.0-v1.06 Plus 27 Trainer x64,https://archive.flingtrainer.com/files/The%20Incredible%20Adventures%20of%20Van%20Helsing%20III%20v1.0-v1.06%20Plus%2027%20Trainer%20x64.rar
THE KING OF FIGHTERS XIV,THE KING OF FIGHTERS XIV v1.0 Plus 9 Trainer,https://archive.flingtrainer.com/files/THE%20KING%20OF%20FIGHTERS%20XIV%20v1.0%20Plus%209%20Trainer.rar
The Legend of Heroes Trails of Cold Steel II,The Legend of Heroes Trails of Cold Steel II v1.0-v1.4.1 Plus 29 Trainer,https://archive.flingtrainer.com/files/The%20Legend%20of%20Heroes%20Trails%20of%20Cold%20Steel%20II%20v1.0-v1.4.1%20Plus%2029%20Trainer.rar
The Legend of Heroes Trails of Cold Steel,The Legend of Heroes Trails of Cold Steel v1.0-v1.5 Plus 28 Trainer,https://archive.flingtrainer.com/files/The%20Legend%20of%20Heroes%20Trails%20of%20Cold%20Steel%20v1.0-v1.5%20Plus%2028%20Trainer.rar
The Scroll Of Taiwu Early Access,The Scroll Of Taiwu Early Access Plus 38 Trainer Updated 2020.02.10,https://archive.flingtrainer.com/files/The%20Scroll%20Of%20Taiwu%20Early%20Access%20Plus%2038%20Trainer%20Updated%202020.02.10.rar
The Surge,The Surge v1.0-v20171010 Plus 17 Trainer,https://archive.flingtrainer.com/files/The%20Surge%20v1.0-v20171010%20Plus%2017%20Trainer.rar
The Technomancer,The Technomancer v1.0-v3636 Plus 18 Trainer,https://archive.flingtrainer.com/files/The%20Technomancer%20v1.0-v3636%20Plus%2018%20Trainer.rar
The Walking Dead: Survival Instinct,The Walking Dead_Survival Instinct v1.0 Plus 7 Trainer,https://archive.flingtrainer.com/files/The%20Walking%20Dead_Survival%20Instinct%20v1.0%20Plus%207%20Trainer.rar
The Witcher 2 Enhanced Edition,The Witcher 2 Enhanced Edition v3.3 Plus 7 Trainer,https://archive.flingtrainer.com/files/The%20Witcher%202%20Enhanced%20Edition%20v3.3%20Plus%207%20Trainer.rar
The Witcher 3 Wild Hunt,The Witcher 3 Wild Hunt v1.02-v1.31 Plus 22 Trainer,https://archive.flingtrainer.com/files/The%20Witcher%203%20Wild%20Hunt%20v1.02-v1.31%20Plus%2022%20Trainer.rar
This Is the Police 2,This Is the Police 2 v1.0 Plus 14 Trainer,https://archive.flingtrainer.com/files/This%20Is%20the%20Police%202%20v1.0%20Plus%2014%20Trainer.rar
This is the Police,This is the Police v1.0-v1.0.49 Plus 11 Trainer,https://archive.flingtrainer.com/files/This%20is%20the%20Police%20v1.0-v1.0.49%20Plus%2011%20Trainer.rar
This War of Mine,This War of Mine v3.0-v5.1.0 Plus 7 Trainer,https://archive.flingtrainer.com/files/This%20War%20of%20Mine%20v3.0-v5.1.0%20Plus%207%20Trainer.rar
Titanfall 2,Titanfall 2 v2.0.6.1-v2.0.7.0 Plus 8 Trainer,https://archive.flingtrainer.com/files/Titanfall%202%20v2.0.6.1-v2.0.7.0%20Plus%208%20Trainer.rar
Tokyo Xanadu eX+,Tokyo Xanadu eX+ v1.0 Plus 20 Trainer,https://archive.flingtrainer.com/files/Tokyo%20Xanadu%20eX+%20v1.0%20Plus%2020%20Trainer.rar
Tomb Raider,Tomb Raider v1.0-1.1.743.0 Plus 11 Trainer,https://archive.flingtrainer.com/files/Tomb%20Raider%20v1.0-1.1.743.0%20Plus%2011%20Trainer.rar
Tooth and Tail,Tooth and Tail v1.0-v1.0.8 Plus 2 Trainer,https://archive.flingtrainer.com/files/Tooth%20and%20Tail%20v1.0-v1.0.8%20Plus%202%20Trainer.rar
Total War Attila,Total War Attila v1.0-v1.5.0 Plus 12 Trainer,https://archive.flingtrainer.com/files/Total%20War%20Attila%20v1.0-v1.5.0%20Plus%2012%20Trainer.rar
Total War Saga Thrones of Britannia,Total War Saga Thrones of Britannia v1.0-v1.3.0 Plus 11 Trainer,https://archive.flingtrainer.com/files/Total%20War%20Saga%20Thrones%20of%20Britannia%20v1.0-v1.3.0%20Plus%2011%20Trainer.rar
Total War Warhammer II,Total War Warhammer II v1.0-v1.8 Plus 18 Trainer,https://archive.flingtrainer.com/files/Total%20War%20Warhammer%20II%20v1.0-v1.8%20Plus%2018%20Trainer.rar
Total War Warhammer,Total War Warhammer v1.0-v1.6.0 Plus 18 Trainer Updated 2018.10.09,https://archive.flingtrainer.com/files/Total%20War%20Warhammer%20v1.0-v1.6.0%20Plus%2018%20Trainer%20Updated%202018.10.09.rar
Toukiden 2,Toukiden 2 v1.0-v1.0.3 Plus 23 Trainer,https://archive.flingtrainer.com/files/Toukiden%202%20v1.0-v1.0.3%20Plus%2023%20Trainer.rar
Toukiden Kiwami,Toukiden Kiwami v1.0-v1.1.0 Plus 22 Trainer,https://archive.flingtrainer.com/files/Toukiden%20Kiwami%20v1.0-v1.1.0%20Plus%2022%20Trainer.rar
Toy Soldiers,Toy Soldiers v1.0 Plus 4 Trainer,https://archive.flingtrainer.com/files/Toy%20Soldiers%20v1.0%20Plus%204%20Trainer.rar
Transformers Devastation,Transformers Devastation v1.0 Plus 24 Trainer,https://archive.flingtrainer.com/files/Transformers%20Devastation%20v1.0%20Plus%2024%20Trainer.rar
Transformers: Fall of Cybertron,Transformers_Fall of Cybertron v1.0 Plus 10 Trainer,https://archive.flingtrainer.com/files/Transformers_Fall%20of%20Cybertron%20v1.0%20Plus%2010%20Trainer.rar
Trials Evolution,Trials Evolution v1.0-1.02 Plus 4 Trainer,https://archive.flingtrainer.com/files/Trials%20Evolution%20v1.0-1.02%20Plus%204%20Trainer.rar
Trine 3 The Artifacts of Power,Trine 3 The Artifacts of Power v1.0-Update 1 Plus 7 Trainer,https://archive.flingtrainer.com/files/Trine%203%20The%20Artifacts%20of%20Power%20v1.0-Update%201%20Plus%207%20Trainer.rar
Tropico 6,Tropico 6 v1.0 Plus 13 Trainer,https://archive.flingtrainer.com/files/Tropico%206%20v1.0%20Plus%2013%20Trainer.rar
Two Point Hospital,Two Point Hospital v1.0-v1.16 Plus 21 Trainer,https://archive.flingtrainer.com/files/Two%20Point%20Hospital%20v1.0-v1.16%20Plus%2021%20Trainer.rar
Two Worlds II HD Call of the Tenebrae,Two Worlds II HD Call of the Tenebrae v2.0 Plus 10 Trainer,https://archive.flingtrainer.com/files/Two%20Worlds%20II%20HD%20Call%20of%20the%20Tenebrae%20v2.0%20Plus%2010%20Trainer.rar
Tyranny,Tyranny v1.0-v1.0.3 Plus 12 Trainer,https://archive.flingtrainer.com/files/Tyranny%20v1.0-v1.0.3%20Plus%2012%20Trainer.rar
Ultimate Marvel vs Capcom 3,Ultimate Marvel vs Capcom 3 v1.0 Plus 10 Trainer,https://archive.flingtrainer.com/files/Ultimate%20Marvel%20vs%20Capcom%203%20v1.0%20Plus%2010%20Trainer.rar
Urban Empire,Urban Empire v1.1.4.0 Plus 8 Trainer,https://archive.flingtrainer.com/files/Urban%20Empire%20v1.1.4.0%20Plus%208%20Trainer.rar
VALKYRIE DRIVE BHIKKHUNI,VALKYRIE DRIVE BHIKKHUNI v1.0 Plus 13 Trainer,https://archive.flingtrainer.com/files/VALKYRIE%20DRIVE%20BHIKKHUNI%20v1.0%20Plus%2013%20Trainer.rar
Vampyr,Vampyr v1.0 Plus 12 Trainer Fixed,https://archive.flingtrainer.com/files/Vampyr%20v1.0%20Plus%2012%20Trainer%20Fixed.rar
Vanquish,Vanquish v1.0 Plus 11 Trainer,https://archive.flingtrainer.com/files/Vanquish%20v1.0%20Plus%2011%20Trainer.rar
Viking: Battle for Asgard,Viking_Battle for Asgard v1.0-Update1 Plus 10 Trainer,https://archive.flingtrainer.com/files/Viking_Battle%20for%20Asgard%20v1.0-Update1%20Plus%2010%20Trainer.rar
Vikings Wolves of Midgard,Vikings Wolves of Midgard v1.0 Plus 22 Trainer,https://archive.flingtrainer.com/files/Vikings%20Wolves%20of%20Midgard%20v1.0%20Plus%2022%20Trainer.rar
Warlock Master of the Arcane,Warlock Master of the Arcane Update 1-5 Plus 4 Trainer,https://archive.flingtrainer.com/files/Warlock%20Master%20of%20the%20Arcane%20Update%201-5%20Plus%204%20Trainer.rar
WARP,WARP v1.0 Plus 4 Trainer,https://archive.flingtrainer.com/files/WARP%20v1.0%20Plus%204%20Trainer.rar
Warriors All Stars,Warriors All Stars v1.0-v20171003 Plus 14 Trainer,https://archive.flingtrainer.com/files/Warriors%20All%20Stars%20v1.0-v20171003%20Plus%2014%20Trainer.rar
Warriors Orochi 4,Warriors Orochi 4 v1.0-v1.0.0.3 Plus 22 Trainer,https://archive.flingtrainer.com/files/Warriors%20Orochi%204%20v1.0-v1.0.0.3%20Plus%2022%20Trainer.rar
Watch Dogs 2,Watch Dogs 2 v1.07-v1.17 Plus 9 Trainer,https://archive.flingtrainer.com/files/Watch%20Dogs%202%20v1.07-v1.17%20Plus%209%20Trainer.rar
Way of the Samurai 3,Way of the Samurai 3 v1.0-v1.03 Plus 16 Trainer,https://archive.flingtrainer.com/files/Way%20of%20the%20Samurai%203%20v1.0-v1.03%20Plus%2016%20Trainer.rar
Way of the Samurai 4,Way of the Samurai 4 v1.0-v1.06 Plus 18 Trainer,https://archive.flingtrainer.com/files/Way%20of%20the%20Samurai%204%20v1.0-v1.06%20Plus%2018%20Trainer.rar
We Happy Few,We Happy Few v1.1-v1.6 Plus 16 Trainer,https://archive.flingtrainer.com/files/We%20Happy%20Few%20v1.1-v1.6%20Plus%2016%20Trainer.rar
Wolfenstein II The New Colossus,Wolfenstein II The New Colossus v1.0 Plus 12 Trainer,https://archive.flingtrainer.com/files/Wolfenstein%20II%20The%20New%20Colossus%20v1.0%20Plus%2012%20Trainer.rar
Wolfenstein The Old Blood,Wolfenstein The Old Blood v1.0-Update 1 Plus 12 Trainer,https://archive.flingtrainer.com/files/Wolfenstein%20The%20Old%20Blood%20v1.0-Update%201%20Plus%2012%20Trainer.rar
Wooden Sen'SeY,Wooden Sen'SeY v1.0 Plus 5 Trainer,https://archive.flingtrainer.com/files/Wooden%20Sen'SeY%20v1.0%20Plus%205%20Trainer.rar
Woolfe - The Red Hood Diaries,Woolfe - The Red Hood Diaries v1.0-v2.1.1 Plus 7 Trainer,https://archive.flingtrainer.com/files/Woolfe%20-%20The%20Red%20Hood%20Diaries%20v1.0-v2.1.1%20Plus%207%20Trainer.rar
World of Final Fantasy,World of Final Fantasy v1.0-Maxima Plus 13 Trainer,https://archive.flingtrainer.com/files/World%20of%20Final%20Fantasy%20v1.0-Maxima%20Plus%2013%20Trainer.rar
World War Z,World War Z v1.0-v1.21 Plus 7 Trainer,https://archive.flingtrainer.com/files/World%20War%20Z%20v1.0-v1.21%20Plus%207%20Trainer.rar
Wuxia Master,Wuxia Master v1.0 Plus 15 Trainer,https://archive.flingtrainer.com/files/Wuxia%20Master%20v1.0%20Plus%2015%20Trainer.rar
WWE 2K15,WWE 2K15 v1.0-Update 1 Plus 11 Trainer,https://archive.flingtrainer.com/files/WWE%202K15%20v1.0-Update%201%20Plus%2011%20Trainer.rar
WWE 2K16,WWE 2K16 v1.05 Plus 11 Trainer,https://archive.flingtrainer.com/files/WWE%202K16%20v1.05%20Plus%2011%20Trainer.rar
WWE 2K17,WWE 2K17 v1.0-Update 2017.03.29 Plus 11 Trainer,https://archive.flingtrainer.com/files/WWE%202K17%20v1.0-Update%202017.03.29%20Plus%2011%20Trainer.rar
WWE 2K18,WWE 2K18 v1.0-v1.05 Plus 12 Trainer,https://archive.flingtrainer.com/files/WWE%202K18%20v1.0-v1.05%20Plus%2012%20Trainer.rar
WWE 2K19,WWE 2K19 v1.0 Plus 13 Trainer,https://archive.flingtrainer.com/files/WWE%202K19%20v1.0%20Plus%2013%20Trainer.rar
X4 Foundations,X4 Foundations v1.0 Plus 5 Trainer,https://archive.flingtrainer.com/files/X4%20Foundations%20v1.0%20Plus%205%20Trainer.rar
Xuan-Yuan Sword 6,Xuan-Yuan Sword 6 v1.0-1.02 Plus 17 Trainer-Fixed,https://archive.flingtrainer.com/files/Xuan-Yuan%20Sword%206%20v1.0-1.02%20Plus%2017%20Trainer-Fixed.rar
Yakuza 0,Yakuza 0 v1.0-v20190311 Plus 26 Trainer,https://archive.flingtrainer.com/files/Yakuza%200%20v1.0-v20190311%20Plus%2026%20Trainer.rar
Yakuza Kiwami,Yakuza Kiwami v1.0 Plus 23 Trainer,https://archive.flingtrainer.com/files/Yakuza%20Kiwami%20v1.0%20Plus%2023%20Trainer.rar
Yomawari Midnight Shadows,Yomawari Midnight Shadows v1.0 Plus 2 Trainer,https://archive.flingtrainer.com/files/Yomawari%20Midnight%20Shadows%20v1.0%20Plus%202%20Trainer.rar
Youtubers Life,Youtubers Life v1.0-v1.3 Plus 13 Trainer,https://archive.flingtrainer.com/files/Youtubers%20Life%20v1.0-v1.3%20Plus%2013%20Trainer.rar
Ys Memories of Celceta Steam,Ys Memories of Celceta Steam v1.0 Plus 13 Trainer,https://archive.flingtrainer.com/files/Ys%20Memories%20of%20Celceta%20Steam%20v1.0%20Plus%2013%20Trainer.rar
Ys SEVEN Steam,Ys SEVEN Steam v1.0 Plus 17 Trainer,https://archive.flingtrainer.com/files/Ys%20SEVEN%20Steam%20v1.0%20Plus%2017%20Trainer.rar
Ys VI The Ark of Napishtim,Ys VI The Ark of Napishtim v1.0 Plus 22 Trainer,https://archive.flingtrainer.com/files/Ys%20VI%20The%20Ark%20of%20Napishtim%20v1.0%20Plus%2022%20Trainer.rar
Ys VIII Lacrimosa of Dana,Ys VIII Lacrimosa of Dana v1.0-v20180630 Plus 22 Trainer,https://archive.flingtrainer.com/files/Ys%20VIII%20Lacrimosa%20of%20Dana%20v1.0-v20180630%20Plus%2022%20Trainer.rar
YuTian,YuTian v1.0-v1.3 Plus 8 Trainer,https://archive.flingtrainer.com/files/YuTian%20v1.0-v1.3%20Plus%208%20Trainer.rar
ZOMBI,ZOMBI v1.0 Plus 10 Trainer,https://archive.flingtrainer.com/files/ZOMBI%20v1.0%20Plus%2010%20Trainer.rar
Zombie Night Terror,Zombie Night Terror v1.0-Update 2 Plus 4 Trainer,https://archive.flingtrainer.com/files/Zombie%20Night%20Terror%20v1.0-Update%202%20Plus%204%20Trainer.rar
